,season_number,season_start,season_end,episode_number,pitch_number,original_air_date,startup_name,industry,business_description,pitchers_gender,pitchers_city,pitchers_state,pitchers_average_age,entrepreneur_names,company_website,multiple_entrepreneurs,us_viewership,original_ask_amount,original_offered_equity,valuation_requested,got_deal,total_deal_amount,total_deal_equity,deal_valuation,number_of_sharks_in_deal,investment_amount_per_shark,equity_per_shark,royalty_deal,loan,barbara_investment_amount,barbara_investment_equity,mark_investment_amount,mark_investment_equity,lori_investment_amount,lori_investment_equity,robert_investment_amount,robert_investment_equity,daymond_investment_amount,daymond_investment_equity,kevin_investment_amount,kevin_investment_equity,guest_investment_amount,guest_investment_equity,barbara_present,mark_present,lori_present,robert_present,daymond_present,kevin_present,kevin_h_present,guest_name,notes
547,7,25-Sep-15,20-May-16,14,548,15-Jan-16,Fixed,Software/Tech,Fixed - ,Male,,,,,N/A,,,700000,5,14000000,1,700000,7,10000000,1,700000,7,,,,,700000,7,,,,,,,,,,,0,1,1,1,0,1,1,Chris Sacca,N/A
548,7,25-Sep-15,20-May-16,14,549,15-Jan-16,HatchBaby,Children/Education,Hatch Baby - ,Mixed Team,,,,,N/A,,,250000,2.5,10000000,1,250000,3.3,7500000,1,250000,3.3,,,,,,,,,,,,,,,250000,3.3,0,1,1,1,0,1,1,Chris Sacca,Chris Sacca -- convertible note
549,7,25-Sep-15,20-May-16,14,550,15-Jan-16,VillageScholarships,Children/Education,Village Scholarships - ,Mixed Team,,,,,N/A,,,125000,10,1250000,0,,,,,,,,,,,,,,,,,,,,,,,0,1,1,1,0,1,1,Chris Sacca,N/A
550,7,25-Sep-15,20-May-16,14,551,15-Jan-16,BeardKing,Fashion/Beauty,Beard King - ,Mixed Team,,,,,N/A,,,100000,20,500000,1,100000,45,222222,1,100000,45,,,,,,,100000,45,,,,,,,,,0,1,1,1,0,1,1,Chris Sacca,N/A
551,7,25-Sep-15,20-May-16,15,552,29-Jan-16,Shefit,Fitness/Sports/Outdoors,Shefit - ,Mixed Team,,,,,N/A,,,250000,20,1250000,1,250000,33.3,750000,1,250000,33.3,,,,,,,,,,,250000,33.3,,,,,0,1,1,1,1,1,1,No Guest,N/A
552,7,25-Sep-15,20-May-16,15,553,29-Jan-16,Co.alition,Software/Tech,Co.alition - ,Male,,,,,N/A,,,200000,20,1000000,0,,,,,,,,,,,,,,,,,,,,,,,0,1,1,1,1,1,1,No Guest,N/A
553,7,25-Sep-15,20-May-16,15,554,29-Jan-16,icybreeze,Travel,icybreeze - ,Male,,,,,N/A,,,50000,5,1000000,0,,,,,,,,,,,,,,,,,,,,,,,0,1,1,1,1,1,1,No Guest,N/A
554,7,25-Sep-15,20-May-16,15,555,29-Jan-16,2400Expert,Children/Education,2400 Expert - ,Male,,,,,N/A,,,250000,10,2500000,1,250000,20,1250000,1,250000,20,,,,,250000,20,,,,,,,,,,,0,1,1,1,1,1,1,No Guest,N/A
555,7,25-Sep-15,20-May-16,16,556,5-Feb-16,R.Riveter,Fashion/Beauty,R. Riveter - ,Female,,,,,N/A,,,100000,20,500000,1,100000,20,500000,1,100000,20,,,,,100000,20,,,,,,,,,,,0,1,1,1,1,1,1,No Guest,plus financing for inventory
556,7,25-Sep-15,20-May-16,16,557,5-Feb-16,Beartek,Media/Entertainment,Beartek - ,Male,,,,,N/A,,,500000,5,10000000,0,,,,,,,,,,,,,,,,,,,,,,,0,1,1,1,1,1,1,No Guest,N/A
557,7,25-Sep-15,20-May-16,16,558,5-Feb-16,MajorMom,Lifestyle/Home,Major Mom - ,Female,,,,,N/A,,,150000,20,750000,0,,,,,,,,,,,,,,,,,,,,,,,0,1,1,1,1,1,1,No Guest,N/A
558,7,25-Sep-15,20-May-16,16,559,5-Feb-16,CombatFlipFlops,Fashion/Beauty,Combat Flip Flops - ,Male,,,,,N/A,,,150000,10,1500000,1,300000,30,1000000,3,100000,10,,,,,100000,10,100000,10,,,100000,10,,,,,0,1,1,1,1,1,1,No Guest,N/A
559,7,25-Sep-15,20-May-16,17,560,12-Feb-16,SmartPlate,Health/Wellness,SmartPlate - ,Male,,,,,N/A,,,1000000,15,6666667,0,,,,,,,,,,,,,,,,,,,,,,,1,1,0,0,1,1,1,Chris Sacca,N/A
560,7,25-Sep-15,20-May-16,17,561,12-Feb-16,BeeFreeHonee,Food and Beverage,Bee Free Honee - ,Female,,,,,N/A,,,100000,10,1000000,1,210000,30,700000,3,70000,10,,,70000,10,70000,10,,,,,,,,,70000,10,1,1,0,0,1,1,1,Chris Sacca,Chris Sacca as guest
561,7,25-Sep-15,20-May-16,17,562,12-Feb-16,FloatBaby,Children/Education,Float Baby - ,Female,,,,,N/A,,,150000,20,750000,0,,,,,,,,,,,,,,,,,,,,,,,1,1,0,0,1,1,1,Chris Sacca,N/A
562,7,25-Sep-15,20-May-16,17,563,12-Feb-16,MTAILOR,Fashion/Beauty,MTAILOR - ,Male,,,,,N/A,,,2500000,10,25000000,0,,,,,,,,,,,,,,,,,,,,,,,1,1,0,0,1,1,1,Chris Sacca,N/A
563,7,25-Sep-15,20-May-16,18,564,18-Feb-16,Sworkit,Fitness/Sports/Outdoors,Sworkit - ,Male,,,,,N/A,,,1500000,8,18750000,1,1500000,10,15000000,1,1500000,10,,1,,,1500000,10,,,,,,,,,,,1,1,1,1,0,1,1,No Guest,plus $1.5M credit for unused adspace
564,7,25-Sep-15,20-May-16,18,565,18-Feb-16,CleanSleep,Lifestyle/Home,Clean Sleep - ,Male,,,,,N/A,,,1500000,15,10000000,0,,,,,,,,,,,,,,,,,,,,,,,1,1,1,1,0,1,1,No Guest,N/A
565,7,25-Sep-15,20-May-16,18,566,18-Feb-16,tutublue,Fashion/Beauty,tutu blue - ,Female,,,,,N/A,,,200000,25,800000,0,,,,,,,,,,,,,,,,,,,,,,,1,1,1,1,0,1,1,No Guest,N/A
566,7,25-Sep-15,20-May-16,18,567,18-Feb-16,Nohbo,Green/CleanTech,Nohbo - ,Male,,,,,N/A,,,100000,20,500000,1,100000,25,400000,1,100000,25,,,,,100000,25,,,,,,,,,,,1,1,1,1,0,1,1,No Guest,N/A
567,7,25-Sep-15,20-May-16,19,568,21-Feb-16,Insta-Fire,Lifestyle/Home,Insta-Fire - ,Male,,,,,N/A,,,300000,10,3000000,1,300000,30,1000000,2,150000,15,,,,,150000,15,150000,15,,,,,,,,,0,1,1,1,1,1,1,No Guest,"Update Episode 8.17: $2.4M in sales to date, received a PO from KMG International for $2.1M"
568,7,25-Sep-15,20-May-16,19,569,21-Feb-16,CustardStandHotDogChili,Food and Beverage,Custard Stand Hot Dog Chili - ,Mixed Team,,,,,N/A,,,400000,10,4000000,0,,,,,,,,,,,,,,,,,,,,,,,0,1,1,1,1,1,1,No Guest,N/A
569,7,25-Sep-15,20-May-16,19,570,21-Feb-16,PRx,Fitness/Sports/Outdoors,PRx - ,Male,,,,,N/A,,,80000,10,800000,1,80000,20,400000,1,80000,20,1,,,,,,,,,,,,80000,20,,,0,1,1,1,1,1,1,No Guest,20% of any distributions
570,7,25-Sep-15,20-May-16,19,571,21-Feb-16,RagstoRaches,Fashion/Beauty,Rags to Raches - ,Female,,,,,N/A,,,200000,10,2000000,1,200000,15,1333333,1,200000,15,,,,,,,,,200000,15,,,,,,,0,1,1,1,1,1,1,No Guest,N/A
571,7,25-Sep-15,20-May-16,20,572,26-Feb-16,BetterBack,Health/Wellness,BetterBack - ,Female,,,,,N/A,,,750000,7.5,10000000,1,750000,7.5,10000000,1,750000,7.5,,1,,,,,750000,7.5,,,,,,,,,1,1,1,1,0,1,1,No Guest,$750K is actually a loan for 3 years at 7.5% interest plus 8% equity
572,7,25-Sep-15,20-May-16,20,573,26-Feb-16,GlaceCryotherapy,Health/Wellness,Glace Cryotherapy - ,Mixed Team,,,,,N/A,,,100000,15,666667,1,100000,30,333333,1,100000,30,,,100000,30,,,,,,,,,,,,,1,1,1,1,0,1,1,No Guest,N/A
573,7,25-Sep-15,20-May-16,20,574,26-Feb-16,Linka,Fitness/Sports/Outdoors,Linka - ,Male,,,,,N/A,,,250000,10,2500000,0,,,,,,,,,,,,,,,,,,,,,,,1,1,1,1,0,1,1,No Guest,N/A
574,7,25-Sep-15,20-May-16,20,575,26-Feb-16,Teaspresso,Food and Beverage,Teaspresso - ,Female,,,,,N/A,,,50000,10,500000,0,,,,,,,,,,,,,,,,,,,,,,,1,1,1,1,0,1,1,No Guest,N/A
575,7,25-Sep-15,20-May-16,21,576,11-Mar-16,MobCraft,Food and Beverage,Mob Craft - ,Male,,,,,N/A,,,400000,16,2500000,0,,,,,,,,,,,,,,,,,,,,,,,0,1,1,1,1,1,1,No Guest,N/A
576,7,25-Sep-15,20-May-16,21,577,11-Mar-16,Beloved,Fashion/Beauty,Beloved - ,Male,,,,,N/A,,,175000,5,3500000,0,,,,,,,,,,,,,,,,,,,,,,,0,1,1,1,1,1,1,No Guest,N/A
577,7,25-Sep-15,20-May-16,21,578,11-Mar-16,IlumiBowl,Lifestyle/Home,IlumiBowl - ,Male,,,,,N/A,,,100000,15,666667,1,100000,25,400000,1,100000,25,,,,,,,,,,,,,100000,25,,,0,1,1,1,1,1,1,No Guest,N/A
578,7,25-Sep-15,20-May-16,21,579,11-Mar-16,InnovationPet,Pet Products,Innovation Pet - ,Mixed Team,,,,,N/A,,,250000,5,5000000,1,250000,12.5,2000000,1,250000,12.5,1,,,,,,,,,,,,250000,12.5,,,0,1,1,1,1,1,1,No Guest,25% royalty in online sales
579,7,25-Sep-15,20-May-16,22,580,18-Mar-16,BeerBlizzard,Food and Beverage,Beer Blizzard - ,Male,,,,,N/A,,,100000,10,1000000,1,100000,25,400000,1,100000,25,,,,,100000,25,,,,,,,,,,,0,1,1,1,1,1,1,No Guest,N/A
580,7,25-Sep-15,20-May-16,22,581,18-Mar-16,Vengo,Food and Beverage,Vengo - ,Male,,,,,N/A,,,2000000,12.5,16000000,1,2000000,10,20000000,2,1000000,5,,1,1000000,5,,,,,,,,,1000000,5,,,0,1,1,1,1,1,1,No Guest,$2M as a loan for 36 months at 7% interest plus 3% equity
581,7,25-Sep-15,20-May-16,22,582,18-Mar-16,TheGoodPromise,Food and Beverage,The Good Promise - ,Female,,,,,N/A,,,100000,20,500000,0,,,,,,,,,,,,,,,,,,,,,,,0,1,1,1,1,1,1,No Guest,N/A
582,7,25-Sep-15,20-May-16,22,583,18-Mar-16,Wondercide,Pet Products,Wondercide - ,Female,,,,,N/A,,,500000,5,10000000,1,500000,3,16666667,1,500000,3,1,,,,,,500000,3,,,,,,,,,0,1,1,1,1,1,1,No Guest,"$0.50 per unit sold until she gets money back, plus 4% equity"
583,7,25-Sep-15,20-May-16,23,584,8-Apr-16,PrideBites,Pet Products,Pride Bites - ,Male,,,,,N/A,,,200000,10,2000000,1,200000,20,1000000,2,100000,10,,,,,,,100000,10,100000,10,,,,,,,0,1,1,1,1,1,1,No Guest,N/A
584,7,25-Sep-15,20-May-16,23,585,8-Apr-16,Trobo,Children/Education,Trobo - ,Male,,,,,N/A,,,100000,10,1000000,1,166666,33.3,499998,1,166666,33.3,,,,,,,,,166666,33.3,,,,,,,0,1,1,1,1,1,1,No Guest,contingent on closing a deal w/ DreamWorks
585,7,25-Sep-15,20-May-16,23,586,8-Apr-16,NoPhone,Uncertain/Other,NoPhone - fake phones,Male,,NY,,,N/A,,,25000,15,166667,0,,,,,,,,,,,,,,,,,,,,,,,0,1,1,1,1,1,1,No Guest,N/A
586,7,25-Sep-15,20-May-16,23,587,8-Apr-16,Coolbox,Lifestyle/Home,Coolbox - ,Male,,,,,N/A,,,500000,10,5000000,1,500000,15,3333333,1,500000,15,,1,,,,,500000,15,,,,,,,,,0,1,1,1,1,1,1,No Guest,500k line of credit at 5% interest plus 15% equity
587,7,25-Sep-15,20-May-16,24,588,15-Apr-16,Petnostics,Pet Products,Petnostics - ,Male,,,,,N/A,,,300000,10,3000000,1,300000,20,1500000,2,150000,10,,,,,,,150000,10,,,,,150000,10,,,0,1,1,1,0,1,1,Ashton Kutcher,N/A
588,7,25-Sep-15,20-May-16,24,589,15-Apr-16,Frends,Fashion/Beauty,Frends - ,Male,,,,,N/A,,,1000000,7.6,13157895,0,,,,,,,,,,,,,,,,,,,,,,,0,1,1,1,0,1,1,Ashton Kutcher,N/A
589,7,25-Sep-15,20-May-16,24,590,15-Apr-16,Popslate,Software/Tech,Popslate - ,Male,,,,,N/A,,,500000,5,10000000,0,,,,,,,,,,,,,,,,,,,,,,,0,1,1,1,0,1,1,Ashton Kutcher,N/A
590,7,25-Sep-15,20-May-16,24,591,15-Apr-16,SlydeHandboards,Fitness/Sports/Outdoors,Slyde Handboards - ,Mixed Team,,,,,N/A,,,200000,15,1333333,1,200000,22,909091,2,100000,11,,,,,100000,11,,,,,,,,,100000,11,0,1,1,1,0,1,1,Ashton Kutcher,Ashton Kutcher as guest
591,7,25-Sep-15,20-May-16,25,592,20-Apr-16,TheDripDrop,Food and Beverage,The Drip Drop - ,Male,,CO,,,N/A,,,50000,20,250000,1,50000,33.3,150150,1,50000,33.3,,,50000,33.3,,,,,,,,,,,,,1,1,1,1,0,1,1,No Guest,with contingency that they'll update design
592,7,25-Sep-15,20-May-16,25,593,20-Apr-16,Jarrett&RajaProductions,Media/Entertainment,Jarrett & Raja Productions - ,Male,,NV,,,N/A,,,750000,40,1875000,0,,,,,,,,,,,,,,,,,,,,,,,1,1,1,1,0,1,1,No Guest,N/A
593,7,25-Sep-15,20-May-16,25,594,20-Apr-16,KidRunner,Fitness/Sports/Outdoors,KidRunner - ,Male,,,,,N/A,,,500000,20,2500000,0,,,,,,,,,,,,,,,,,,,,,,,1,1,1,1,0,1,1,No Guest,N/A
594,7,25-Sep-15,20-May-16,25,595,20-Apr-16,InchBug,Children/Education,InchBug - ,Female,,TX,,,N/A,,,400000,10,4000000,0,,,,,,,,,,,,,,,,,,,,,,,1,1,1,1,0,1,1,No Guest,N/A
595,7,25-Sep-15,20-May-16,26,596,29-Apr-16,FashionTap,Fashion/Beauty,FashionTap - ,Female,,CA,,,N/A,,,100000,10,1000000,0,,,,,,,,,,,,,,,,,,,,,,,1,1,0,0,1,1,1,Chris Sacca,N/A
596,7,25-Sep-15,20-May-16,26,597,29-Apr-16,brellabox,Uncertain/Other,brellabox - umbrella rentals,Mixed Team,,NY,,,N/A,,,400000,20,2000000,0,,,,,,,,,,,,,,,,,,,,,,,1,1,0,0,1,1,1,Chris Sacca,N/A
597,7,25-Sep-15,20-May-16,26,598,29-Apr-16,MyFruityFaces,Food and Beverage,My Fruity Faces - ,Male,,CA,,,N/A,,,200000,10,2000000,0,,,,,,,,,,,,,,,,,,,,,,,1,1,0,0,1,1,1,Chris Sacca,N/A
598,7,25-Sep-15,20-May-16,26,599,29-Apr-16,brightwheel,Children/Education,brightwheel - ,Male,,CA,,,N/A,,,400000,4,10000000,1,600000,6.7,8995502,2,300000,3.35,,,,,300000,3.35,,,,,,,,,300000,3.35,1,1,0,0,1,1,1,Chris Sacca,Chris Sacca is guest shark
599,7,25-Sep-15,20-May-16,27,600,6-May-16,dollopgourmet,Food and Beverage,dollop gourmet - ,Female,,NY,,,N/A,,,75000,20,375000,1,75000,25,300000,1,75000,25,,,75000,25,,,,,,,,,,,,,1,1,1,1,0,1,1,No Guest,N/A
600,7,25-Sep-15,20-May-16,27,601,6-May-16,Creaproducts,Fashion/Beauty,Creaproducts - ,Female,,HI,,,N/A,,,200000,10,2000000,1,200000,22.5,888889,1,200000,22.5,,,200000,22.5,,,,,,,,,,,,,1,1,1,1,0,1,1,No Guest,N/A
601,7,25-Sep-15,20-May-16,27,602,6-May-16,YourselfExpression,Fashion/Beauty,Yourself Expression - ,Mixed Team,,FL,,,N/A,,,50000,20,250000,0,,,,,,,,,,,,,,,,,,,,,,,1,1,1,1,0,1,1,No Guest,N/A
602,7,25-Sep-15,20-May-16,27,603,6-May-16,TheSpooner,Fitness/Sports/Outdoors,The Spooner - ,Male,,CA,,,N/A,,,400000,16,2500000,1,400000,16,2500000,2,200000,8,,,200000,8,200000,8,,,,,,,,,,,1,1,1,1,0,1,1,No Guest,N/A
603,7,25-Sep-15,20-May-16,28,604,13-May-16,CampNoCounselors,Fitness/Sports/Outdoors,Camp No Counselors - ,Male,,NY,,,N/A,,,300000,7.5,4000000,0,,,,,,,,,,,,,,,,,,,,,,,0,1,1,1,1,1,1,No Guest,N/A
604,7,25-Sep-15,20-May-16,28,605,13-May-16,EVPExtremeVehicleProtection,Automotive,EVP Extreme Vehicle Protection - ,Male,,NY,,,N/A,,,50000,20,250000,1,50000,33.3,150000,1,50000,33.3,,,,,,,,,,,50000,33.3,,,,,0,1,1,1,1,1,1,No Guest,N/A
605,7,25-Sep-15,20-May-16,28,606,13-May-16,GladiatorLacrosse,Fitness/Sports/Outdoors,Gladiator Lacrosse - ,Female,,,,,N/A,,,100000,15,666667,0,,,,,,,,,,,,,,,,,,,,,,,0,1,1,1,1,1,1,No Guest,N/A
606,7,25-Sep-15,20-May-16,28,607,13-May-16,VPCABS,Media/Entertainment,VPCABS - ,Male,,OH,,,N/A,,,200000,10,2000000,1,200000,25,800000,1,200000,25,,,,,,,,,,,200000,25,,,,,0,1,1,1,1,1,1,No Guest,N/A
615,8,23-Sep-16,12-May-17,2,616,30-Sep-16,TheLapelProject,Fashion/Beauty,The Lapel Project - ,Male,,FL,,,N/A,,,150000,20,750000,1,150000,30,500000,1,150000,30,,,,,150000,30,,,,,,,,,,,0,1,1,1,1,1,1,No Guest,N/A
616,8,23-Sep-16,12-May-17,2,617,30-Sep-16,GoodHangups,Lifestyle/Home,Good Hangups - ,Female,,WA,,,N/A,,,100000,10,1000000,1,100000,15,666667,1,100000,15,,,,,,,100000,15,,,,,,,,,0,1,1,1,1,1,1,No Guest,N/A
617,8,23-Sep-16,12-May-17,2,618,30-Sep-16,IceAgeMeals,Food and Beverage,Ice Age Meals - ,Male,,CA,,,N/A,,,1000000,10,10000000,0,,,,,,,,,,,,,,,,,,,,,,,0,1,1,1,1,1,1,No Guest,N/A
618,8,23-Sep-16,12-May-17,2,619,30-Sep-16,Tactibite,Fitness/Sports/Outdoors,Tactibite - ,Male,,LA,,,N/A,,,150000,10,1500000,1,150000,10,1500000,1,150000,10,,,,,,,,,150000,10,,,,,,,0,1,1,1,1,1,1,No Guest,N/A
619,8,23-Sep-16,12-May-17,3,620,7-Oct-16,RaisingWild,Fashion/Beauty,Raising Wild - ,Female,,FL,,,N/A,,,100000,20,500000,1,100000,50,200000,1,100000,50,,,100000,50,,,,,,,,,,,,,1,1,1,1,0,1,1,No Guest,N/A
620,8,23-Sep-16,12-May-17,3,621,7-Oct-16,TheCookieKahuna,Food and Beverage,The Cookie Kahuna - ,Male,,HI,,,N/A,,,50000,20,250000,0,,,,,,,,,,,,,,,,,,,,,,,1,1,1,1,0,1,1,No Guest,N/A
621,8,23-Sep-16,12-May-17,3,622,7-Oct-16,TekDry,Software/Tech,TekDry - ,Male,,CO,,,N/A,,,500000,5,10000000,1,500000,5,10000000,1,500000,5,,1,,,,,,,,,,,500000,5,,,1,1,1,1,0,1,1,No Guest,500K as loan with 13% interest and 5% equity
622,8,23-Sep-16,12-May-17,3,623,7-Oct-16,NightRunner270,Fitness/Sports/Outdoors,Night Runner 270 - ,Mixed Team,,FL,,,N/A,,,250000,10,2500000,1,200000,15,1333333,1,200000,15,,1,,,,,,,200000,15,,,,,,,1,1,1,1,0,1,1,No Guest,Plus $150K as a loan
623,8,23-Sep-16,12-May-17,4,624,14-Oct-16,Solemates,Fashion/Beauty,Solemates - ,Female,,NY,,,N/A,,,500000,10,5000000,1,500000,20,2500000,1,500000,20,,,,,,,,,500000,20,,,,,,,0,1,1,1,1,1,1,No Guest,N/A
624,8,23-Sep-16,12-May-17,4,625,14-Oct-16,AtlanticCandies,Food and Beverage,Atlantic Candies - ,Male,,FL,,,N/A,,,1000000,10,10000000,0,,,,,,,,,,,,,,,,,,,,,,,0,1,1,1,1,1,1,No Guest,N/A
625,8,23-Sep-16,12-May-17,4,626,14-Oct-16,biem,Food and Beverage,biem - ,Male,,TX,,,N/A,,,500000,5,10000000,1,500000,14,3571429,1,500000,14,,,,,,,500000,14,,,,,,,,,0,1,1,1,1,1,1,No Guest,N/A
626,8,23-Sep-16,12-May-17,4,627,14-Oct-16,AngelsandTomboys,Fashion/Beauty,Angels and Tomboys - ,Female,,TN,,,N/A,,,55000,20,275000,1,60000,33.3,180000,2,30000,16.65,,,,,30000,16.65,,,,,30000,16.65,,,,,0,1,1,1,1,1,1,No Guest,N/A
627,8,23-Sep-16,12-May-17,5,628,21-Oct-16,SandiLakeClothing,Children/Education,SandiLake Clothing - ,Female,,OR,,,N/A,,,100000,10,1000000,0,,,,,,,,,,,,,,,,,,,,,,,1,1,1,1,0,1,1,No Guest,N/A
628,8,23-Sep-16,12-May-17,5,629,21-Oct-16,ParkerMapleFarm,Food and Beverage,Parker Maple Farm - ,Male,,NY,,,N/A,,,200000,20,1000000,0,,,,,,,,,,,,,,,,,,,,,,,1,1,1,1,0,1,1,No Guest,N/A
629,8,23-Sep-16,12-May-17,5,630,21-Oct-16,SafeGrabs,Lifestyle/Home,SafeGrabs - ,Female,,TX,,,N/A,,,75000,12,625000,1,75000,25,300000,1,75000,25,,,,,,,75000,25,,,,,,,,,1,1,1,1,0,1,1,No Guest,N/A
630,8,23-Sep-16,12-May-17,5,631,21-Oct-16,SiliDogs,Pet Products,SiliDogs - ,Male,,FL,,,N/A,,,100000,15,666667,1,100000,30,333333,1,100000,30,1,,,,,,100000,30,,,,,,,,,1,1,1,1,0,1,1,No Guest,$0.50/tag until money paid back
631,8,23-Sep-16,12-May-17,6,632,28-Oct-16,LuluBang,Food and Beverage,Lulu Bang - ,Female,,PA,,,N/A,,,150000,10,1500000,0,,,,,,,,,,,,,,,,,,,,,,,0,1,1,1,1,1,1,No Guest,N/A
632,8,23-Sep-16,12-May-17,6,633,28-Oct-16,Unpack,Travel,Unpack - ,Male,,NY,,,N/A,,,500000,40,1250000,0,,,,,,,,,,,,,,,,,,,,,,,0,1,1,1,1,1,1,No Guest,N/A
633,8,23-Sep-16,12-May-17,6,634,28-Oct-16,sunscreeenr,Health/Wellness,sunscreeenr - ,Male,,NC,,,N/A,,,800000,10,8000000,1,800000,33.3,2400000,1,800000,33.3,,,,,,,,,,,,,800000,33.3,,,0,1,1,1,1,1,1,No Guest,N/A
634,8,23-Sep-16,12-May-17,6,635,28-Oct-16,PotatoParcel,Media/Entertainment,Potato Parcel - ,Male,,CA,,,N/A,,,50000,10,500000,1,50000,10,500000,1,50000,10,1,,,,,,,,,,,,50000,10,,,0,1,1,1,1,1,1,No Guest,"$0.50 royalty for 60 days, which increaes to $1 royalty until $150K is paid back"
635,8,23-Sep-16,12-May-17,7,636,4-Nov-16,EcoFlower,Lifestyle/Home,EcoFlower - ,Female,,UT,,,N/A,,,400000,10,4000000,1,400000,20,2000000,1,400000,20,,,,,,,,,,,400000,20,,,,,1,1,1,1,1,1,1,No Guest,N/A
636,8,23-Sep-16,12-May-17,7,637,4-Nov-16,StyleClub,Fashion/Beauty,Style Club - ,Female,,PA,,,N/A,,,500000,20,2500000,1,500000,22,2272727,1,500000,22,,1,,,500000,22,,,,,,,,,,,1,1,1,1,1,1,1,No Guest,$500K as credit at 8% interest
637,8,23-Sep-16,12-May-17,7,638,4-Nov-16,SafeCatch,Food and Beverage,SafeCatch - ,Male,,CA,,,N/A,,,600000,3,20000000,0,,,,,,,,,,,,,,,,,,,,,,,1,1,1,1,1,1,1,No Guest,N/A
638,8,23-Sep-16,12-May-17,7,639,4-Nov-16,#besomebody,Software/Tech,#besomebody - ,Male,,MA,,,N/A,,,1000000,10,10000000,0,,,,,,,,,,,,,,,,,,,,,,,1,1,1,1,1,1,1,No Guest,N/A
643,8,23-Sep-16,12-May-17,9,644,18-Nov-16,PupBox,Pet Products,PupBox - ,Mixed Team,,CA,,,N/A,,,250000,10,2500000,1,250000,15,1666667,1,250000,15,,,,,,,,,250000,15,,,,,,,0,1,1,1,1,1,1,No Guest,N/A
644,8,23-Sep-16,12-May-17,9,645,18-Nov-16,BarbellApparel,Fashion/Beauty,Barbell Apparel - ,Male,,NV,,,N/A,,,500000,5,10000000,0,,,,,,,,,,,,,,,,,,,,,,,0,1,1,1,1,1,1,No Guest,N/A
645,8,23-Sep-16,12-May-17,9,646,18-Nov-16,energybits,Food and Beverage,energybits - ,Female,,MA,,,N/A,,,500000,5,10000000,0,,,,,,,,,,,,,,,,,,,,,,,0,1,1,1,1,1,1,No Guest,N/A
646,8,23-Sep-16,12-May-17,9,647,18-Nov-16,LineCutterz,Fitness/Sports/Outdoors,Line Cutterz - ,Male,,WI,,,N/A,,,120000,20,600000,1,120000,33,363636,1,120000,33,,,,,,,,,,,120000,33,,,,,0,1,1,1,1,1,1,No Guest,N/A
647,8,23-Sep-16,12-May-17,10,648,2-Dec-16,Inboard,Fitness/Sports/Outdoors,Inboard - ,Male,,CA,,,N/A,,,750000,4,18750000,1,750000,4,18750000,2,375000,2,,1,,,,,375000,2,,,,,375000,2,,,0,1,1,1,0,1,1,Chris Sacca,as a 36 month loan for 9% interest plus 3% stake
648,8,23-Sep-16,12-May-17,10,649,2-Dec-16,petplate,Pet Products,petplate - ,Male,,NY,,,N/A,,,100000,10,1000000,0,,,,,,,,,,,,,,,,,,,,,,,0,1,1,1,0,1,1,Chris Sacca,N/A
649,8,23-Sep-16,12-May-17,10,650,2-Dec-16,Nootrobox,Food and Beverage,Nootrobox - ,Male,,CA,,,N/A,,,2000000,5,40000000,0,,,,,,,,,,,,,,,,,,,,,,,0,1,1,1,0,1,1,Chris Sacca,N/A
650,8,23-Sep-16,12-May-17,10,651,2-Dec-16,nomiku,Food and Beverage,nomiku - ,Mixed Team,,CA,,,N/A,,,250000,5,5000000,1,250000,10,2500000,1,250000,10,,,,,,,,,,,,,,,250000,10,0,1,1,1,0,1,1,Chris Sacca,continguent upon existing investors giving founders back so they own 40%... guest shark is Chris Sacca
651,8,23-Sep-16,12-May-17,11,652,9-Dec-16,SealedbySanta,Children/Education,Sealed by Santa - ,Female,,FL,,,N/A,,,150000,20,750000,1,150000,20,750000,1,150000,20,,1,,,,,150000,20,,,,,,,,,1,1,1,1,0,1,1,No Guest,$75K of it as a loan
652,8,23-Sep-16,12-May-17,11,653,9-Dec-16,Polyglide,Fitness/Sports/Outdoors,Polyglide - ,Male,,AZ,,,N/A,,,150000,20,750000,0,,,,,,,,,,,,,,,,,,,,,,,1,1,1,1,0,1,1,No Guest,N/A
653,8,23-Sep-16,12-May-17,11,654,9-Dec-16,Digiwrap,Lifestyle/Home,Digiwrap - ,Male,,IL,,,N/A,,,150000,10,1500000,1,150000,20,750000,1,150000,20,1,,,,,,,,,,,,150000,20,,,1,1,1,1,0,1,1,No Guest,Royalty until he gets his money back 2X
654,8,23-Sep-16,12-May-17,11,655,9-Dec-16,HandOutGloves,Fitness/Sports/Outdoors,Hand Out Gloves - ,Male,,UT,,,N/A,,,150000,20,750000,0,300000,25,1200000,1,300000,25,,,300000,25,,,,,,,,,,,,,1,1,1,1,0,1,1,No Guest,as a line of credit against receivables for 6% interest
655,8,23-Sep-16,12-May-17,12,656,6-Jan-17,PDXPetDesign,Pet Products,PDX Pet Design - ,Mixed Team,,OR,,,N/A,,,300000,15,2000000,0,,,,,,,,,,,,,,,,,,,,,,,0,1,1,1,1,1,1,No Guest,N/A
656,8,23-Sep-16,12-May-17,12,657,6-Jan-17,BasicOutfitters,Fashion/Beauty,Basic Outfitters - ,Mixed Team,,NY,,,N/A,,,125000,10,1250000,0,,,,,,,,,,,,,,,,,,,,,,,0,1,1,1,1,1,1,No Guest,N/A
657,8,23-Sep-16,12-May-17,12,658,6-Jan-17,VictoryCoffees,Food and Beverage,Victory Coffees - ,Male,,NC,,,N/A,,,250000,20,1250000,0,,,,,,,,,,,,,,,,,,,,,,,0,1,1,1,1,1,1,No Guest,N/A
658,8,23-Sep-16,12-May-17,12,659,6-Jan-17,NaturallyPerfectDolls,Children/Education,Naturally Perfect Dolls - ,Mixed Team,,FL,,,N/A,,,200000,20,1000000,1,200000,30,666667,1,200000,30,,,,,,,,,,,200000,30,,,,,0,1,1,1,1,1,1,No Guest,N/A
659,8,23-Sep-16,12-May-17,13,660,13-Jan-17,GreaseBags,Lifestyle/Home,Grease Bags - ,Female,,TX,,,N/A,,,75000,25,300000,1,75000,50,150000,1,75000,50,,,75000,50,,,,,,,,,,,,,1,1,1,1,0,1,1,No Guest,N/A
660,8,23-Sep-16,12-May-17,13,661,13-Jan-17,Pinblock,Children/Education,Pinblock - ,Male,,NY,,,N/A,,,100000,20,500000,1,100000,50,200000,1,100000,50,,,,,,,,,,,,,100000,50,,,1,1,1,1,0,1,1,No Guest,contingent upon partnering with large toy co
661,8,23-Sep-16,12-May-17,13,662,13-Jan-17,Mama'sMilkBox,Fashion/Beauty,Mama's Milk Box - ,Female,,PA,,,N/A,,,200000,20,1000000,0,,,,,,,,,,,,,,,,,,,,,,,1,1,1,1,0,1,1,No Guest,N/A
662,8,23-Sep-16,12-May-17,13,663,13-Jan-17,nicepipes,Fashion/Beauty,nicepipes - ,Female,,NY,,,N/A,,,100000,10,1000000,0,,,,,,,,,,,,,,,,,,,,,,,1,1,1,1,0,1,1,No Guest,N/A
663,8,23-Sep-16,12-May-17,14,664,27-Jan-17,Chirps,Food and Beverage,Chirps - ,Female,,CA,,,N/A,,,100000,7,1428571,1,100000,15,666667,1,100000,15,,,,,100000,15,,,,,,,,,,,1,1,1,0,0,1,1,Chris Sacca,N/A
664,8,23-Sep-16,12-May-17,14,665,27-Jan-17,Vibes,Media/Entertainment,Vibes - ,Male,,MN,,,N/A,,,100000,20,500000,0,,,,,,,,,,,,,,,,,,,,,,,1,1,1,0,0,1,1,Chris Sacca,N/A
665,8,23-Sep-16,12-May-17,14,666,27-Jan-17,PopUpPlay,Children/Education,PopUp Play - ,Mixed Team,,TX,,,N/A,,,250000,6,4166667,1,250000,8.3,3000000,1,250000,8.3,,,,,,,,,,,,,,,250000,8.3,1,1,1,0,0,1,1,Chris Sacca,Chris Sacca as guest shark; investing at last round convertible note $3M cap
666,8,23-Sep-16,12-May-17,14,667,27-Jan-17,Getaway,Fitness/Sports/Outdoors,Getaway - ,Male,,MA,,,N/A,,,500000,5,10000000,0,,,,,,,,,,,,,,,,,,,,,,,1,1,1,0,0,1,1,Chris Sacca,N/A
667,8,23-Sep-16,12-May-17,15,668,3-Feb-17,Kooler,Fitness/Sports/Outdoors,Kooler - ,Male,,NV,,,N/A,,,50000,15,333333,1,50000,33.3,150000,1,50000,33.3,,,,,,,,,,,50000,33.3,,,,,0,1,1,1,1,1,1,No Guest,N/A
668,8,23-Sep-16,12-May-17,15,669,3-Feb-17,LittleNomad,Lifestyle/Home,Little Nomad - ,Female,,CT,,,N/A,,,80000,15,533333,0,,,,,,,,,,,,,,,,,,,,,,,0,1,1,1,1,1,1,No Guest,N/A
669,8,23-Sep-16,12-May-17,15,670,3-Feb-17,RinseKit,Fitness/Sports/Outdoors,RinseKit - ,Male,,CA,,,N/A,,,250000,5,5000000,1,250000,7.5,3333333,1,250000,7.5,,,,,,,,,,,250000,7.5,,,,,0,1,1,1,1,1,1,No Guest,Plus commission on any deals he closes
670,8,23-Sep-16,12-May-17,15,671,3-Feb-17,Dbestproducts,Lifestyle/Home,Dbest products - ,Male,,CA,,,N/A,,,350000,5,7000000,1,350000,20,1750000,2,175000,10,,1,,,175000,10,175000,10,,,,,,,,,0,1,1,1,1,1,1,No Guest,Plus $2M line of credit at 18% interest
671,8,23-Sep-16,12-May-17,16,672,10-Feb-17,Tranquilo,Children/Education,Tranquilo - ,Female,,MA,,,N/A,,,100000,10,1000000,1,200000,15,1333333,1,200000,15,,,,,,,,,200000,15,,,,,,,0,1,1,1,1,1,1,No Guest,N/A
672,8,23-Sep-16,12-May-17,16,673,10-Feb-17,DocSpartan,Health/Wellness,Doc Spartan - ,Mixed Team,,OH,,,N/A,,,75000,15,500000,1,75000,25,300000,1,75000,25,,,,,,,,,75000,25,,,,,,,0,1,1,1,1,1,1,No Guest,N/A
673,8,23-Sep-16,12-May-17,16,674,10-Feb-17,PeacefulFruits,Food and Beverage,Peaceful Fruits - ,Male,,OH,,,N/A,,,75000,20,375000,0,,,,,,,,,,,,,,,,,,,,,,,0,1,1,1,1,1,1,No Guest,N/A
674,8,23-Sep-16,12-May-17,16,675,10-Feb-17,FirefighterTurnoutBags,Fashion/Beauty,Firefighter Turnout Bags - ,Mixed Team,,CA,,,N/A,,,250000,33,757576,1,250000,50,500000,1,250000,50,,,,,,,250000,50,,,,,,,,,0,1,1,1,1,1,1,No Guest,N/A
675,8,23-Sep-16,12-May-17,17,676,17-Feb-17,Toymail,Children/Education,Toymail - ,Female,,NY,,,N/A,,,250000,2.5,10000000,1,600000,5,12000000,2,300000,2.5,,,,,,,300000,2.5,,,,,,,300000,2.5,0,1,1,1,0,1,1,Chris Sacca,Verizon and Amazon are investors. Amazon invested $500k at a $10M cap. $1.6M total raised to date on $10M cap. Lori and Chris Sacca split the deal: $300k for 2.5%.
676,8,23-Sep-16,12-May-17,17,677,17-Feb-17,EDNWallGarden,Green/CleanTech,EDN WallGarden - ,Male,,CO,,,N/A,,,150000,10,1500000,0,,,,,,,,,,,,,,,,,,,,,,,0,1,1,1,0,1,1,Chris Sacca,"Kevin offered $150k for 15% and increased his offer to 25% equity (would not come back down to 15% on request), Lori offered $150k for 25% congingent on bringing the price of the product down"
677,8,23-Sep-16,12-May-17,17,678,17-Feb-17,HotelsByDay,Travel,Hotels By Day - ,Male,,NY,,,N/A,,,750000,10,7500000,0,,,,,,,,,,,,,,,,,,,,,,,0,1,1,1,0,1,1,Chris Sacca,N/A
678,8,23-Sep-16,12-May-17,17,679,17-Feb-17,Bitsbox,Children/Education,Bitsbox - ,Male,,CO,,,N/A,,,250000,3,8333333,0,,,,,,,,,,,,,,,,,,,,,,,0,1,1,1,0,1,1,Chris Sacca,"Seed round $500k at $4M pre-money valuation, bridge note for $600k at $6M cap. Have done $400k revenue to date."
679,8,23-Sep-16,12-May-17,18,680,24-Feb-17,SandCloud,Fitness/Sports/Outdoors,Sand Cloud - ,Male,,CA,,,N/A,,,200000,8,2500000,1,200000,15,1333333,1,200000,15,,,,,,,,,200000,15,,,,,,,0,1,1,1,1,1,1,No Guest,N/A
680,8,23-Sep-16,12-May-17,18,681,24-Feb-17,OraOrganics,Health/Wellness,Ora Organics - ,Male,,CA,,,N/A,,,375000,5,7500000,0,,,,,,,,,,,,,,,,,,,,,,,0,1,1,1,1,1,1,No Guest,N/A
681,8,23-Sep-16,12-May-17,18,682,24-Feb-17,DartDrones,Software/Tech,Dart Drones - ,Female,,MA,,,N/A,,,300000,10,3000000,1,300000,10,3000000,1,300000,10,,,,,300000,10,,,,,,,,,,,0,1,1,1,1,1,1,No Guest,N/A
682,8,23-Sep-16,12-May-17,18,683,24-Feb-17,elephantpants,Fashion/Beauty,elephant pants - ,Male,,NY,,,N/A,,,500000,10,5000000,1,500000,17.5,2857143,1,500000,17.5,,,,,,,,,,,500000,17.5,,,,,0,1,1,1,1,1,1,No Guest,N/A
683,8,23-Sep-16,12-May-17,19,684,3-Mar-17,TheSleepStyler,Fashion/Beauty,The Sleep Styler - ,Female,,CA,,,N/A,,,75000,20,375000,1,75000,25,300000,1,75000,25,,,,,,,75000,25,,,,,,,,,1,1,1,1,0,1,1,No Guest,N/A
684,8,23-Sep-16,12-May-17,19,685,3-Mar-17,BlentiqueWineCompany,Food and Beverage,Blentique Wine Company - ,Male,,CA,,,N/A,,,250000,10,2500000,1,250000,10,2500000,1,250000,10,,1,,,,,250000,10,,,,,,,,,1,1,1,1,0,1,1,No Guest,"as a loan with 8% interest, 10% equity"
685,8,23-Sep-16,12-May-17,19,686,3-Mar-17,MealEnders,Food and Beverage,MealEnders - ,Male,,CA,,,N/A,,,350000,8,4375000,0,,,,,,,,,,,,,,,,,,,,,,,1,1,1,1,0,1,1,No Guest,N/A
686,8,23-Sep-16,12-May-17,19,687,3-Mar-17,Rareform,Fashion/Beauty,Rareform - ,Male,,CA,,,N/A,,,300000,10,3000000,1,300000,10,3000000,1,300000,10,,1,,,,,,,,,,,300000,10,,,1,1,1,1,0,1,1,No Guest,as a loan with 6% interest
687,8,23-Sep-16,12-May-17,20,688,7-Apr-17,ApolloPeak,Pet Products,Apollo Peak - ,Male,,CO,,,N/A,,,100000,10,1000000,1,100000,20,500000,1,100000,20,,,,,,,,,,,,,100000,20,,,0,1,1,1,1,1,1,No Guest,N/A
688,8,23-Sep-16,12-May-17,20,689,7-Apr-17,seedsheet,Lifestyle/Home,seedsheet - ,Male,,VT,,,N/A,,,500000,10,5000000,1,500000,20,2500000,1,500000,20,,,,,,,,,500000,20,,,,,,,0,1,1,1,1,1,1,No Guest,N/A
689,8,23-Sep-16,12-May-17,20,690,7-Apr-17,cropsticks,Lifestyle/Home,cropsticks - ,Female,,HI,,,N/A,,,75000,12.5,600000,0,,,,,,,,,,,,,,,,,,,,,,,0,1,1,1,1,1,1,No Guest,N/A
690,8,23-Sep-16,12-May-17,20,691,7-Apr-17,UnderTheWeather,Fitness/Sports/Outdoors,Under The Weather - ,Male,,OH,,,N/A,,,600000,10,6000000,1,600000,15,4000000,1,600000,15,,,,,600000,15,,,,,,,,,,,0,1,1,1,1,1,1,No Guest,N/A
691,8,23-Sep-16,12-May-17,21,692,14-Apr-17,GuardLlama,Software/Tech,Guard Llama - ,Male,,IL,,,N/A,,,100000,5,2000000,1,100000,18,555556,1,100000,18,1,,100000,18,,,,,,,,,,,,,1,1,1,0,0,1,1,Chris Sacca,$2 royalty until $100K recouped
692,8,23-Sep-16,12-May-17,21,693,14-Apr-17,Flag,Lifestyle/Home,Flag - ,Mixed Team,,CA,,,N/A,,,375000,5,7500000,0,,,,,,,,,,,,,,,,,,,,,,,1,1,1,0,0,1,1,Chris Sacca,N/A
693,8,23-Sep-16,12-May-17,21,694,14-Apr-17,Validated,Software/Tech,Validated - ,Male,,OR,,,N/A,,,250000,8,3125000,0,,,,,,,,,,,,,,,,,,,,,,,1,1,1,0,0,1,1,Chris Sacca,N/A
694,8,23-Sep-16,12-May-17,21,695,14-Apr-17,GuardianBikes,Fitness/Sports/Outdoors,Guardian Bikes - ,Male,,CA,,,N/A,,,500000,10,5000000,1,500000,15,3333333,1,500000,15,,,,,500000,15,,,,,,,,,,,1,1,1,0,0,1,1,Chris Sacca,N/A
695,8,23-Sep-16,12-May-17,22,696,21-Apr-17,Goverre,Lifestyle/Home,Goverre - ,Female,,CA,,,N/A,,,200000,13,1538462,1,200000,33.3,600601,3,66666.66667,11.1,,,,,66666.66667,11.1,66666.66667,11.1,66666.66667,11.1,,,,,,,0,1,1,1,1,1,1,No Guest,N/A
696,8,23-Sep-16,12-May-17,22,697,21-Apr-17,SeeRescueStreamer,Fitness/Sports/Outdoors,See Rescue Streamer - ,Male,,HI,,,N/A,,,200000,20,1000000,0,,,,,,,,,,,,,,,,,,,,,,,0,1,1,1,1,1,1,No Guest,N/A
697,8,23-Sep-16,12-May-17,22,698,21-Apr-17,BootyQueenApparel,Fashion/Beauty,BootyQueen Apparel - ,Mixed Team,,TX,,,N/A,,,250000,20,1250000,1,250000,33.3,750075,1,250000,33.3,,,,,,,,,,,250000,33.3,,,,,0,1,1,1,1,1,1,No Guest,N/A
698,8,23-Sep-16,12-May-17,22,699,21-Apr-17,LocTote,Fashion/Beauty,LocTote - ,Male,,OH,,,N/A,,,150000,5,3000000,0,150000,10,1500000,1,150000,10,1,,,,,,,,150000,10,,,,,,,0,1,1,1,1,1,1,No Guest,$10/bag until investment is recoupled
699,8,23-Sep-16,12-May-17,23,700,5-May-17,ThompsonTee,Fashion/Beauty,Thompson Tee - ,Male,,CA,,,N/A,,,700000,7,10000000,1,700000,25,2800000,1,700000,25,,,,,,,,,700000,25,,,,,,,0,1,1,1,1,1,1,No Guest,N/A
700,8,23-Sep-16,12-May-17,23,701,5-May-17,WalletBuckle,Fashion/Beauty,Wallet Buckle - ,Male,,CA,,,N/A,,,500000,10,5000000,0,,,,,,,,,,,,,,,,,,,,,,,0,1,1,1,1,1,1,No Guest,N/A
701,8,23-Sep-16,12-May-17,23,702,5-May-17,RumiSpice,Food and Beverage,Rumi Spice - ,Mixed Team,,IL,,,N/A,,,250000,5,5000000,1,250000,15,1666667,1,250000,15,,,,,250000,15,,,,,,,,,,,0,1,1,1,1,1,1,No Guest,N/A
702,8,23-Sep-16,12-May-17,23,703,5-May-17,PeoplesDesign,Lifestyle/Home,Peoples Design - ,Male,,CO,,,N/A,,,75000,25,300000,1,75000,33.3,225002,1,75000,33.3,,,,,,,75000,33.3,,,,,,,,,0,1,1,1,1,1,1,No Guest,N/A
711,9,1-Oct-17,25-Feb-18,2,712,8-Oct-17,Seventy2,Lifestyle/Home,Seventy2 - ,Male,,CA,,,N/A,,,100000,5,2000000,1,200000,10,2000000,1,200000,10,,,,,,,,,200000,10,,,,,,,1,1,1,1,0,0,0,Rohan Oza,N/A
712,9,1-Oct-17,25-Feb-18,2,713,8-Oct-17,Jackson'sHonest,Food and Beverage,Jackson's Honest - ,Mixed Team,,CO,,,N/A,,,1250000,5,25000000,1,1250000,15,8333333,1,1250000,15,,,,,,,,,,,,,,,1250000,15,1,1,1,1,0,0,0,Rohan Oza,Guest Shark: Rohan Oza
713,9,1-Oct-17,25-Feb-18,2,714,8-Oct-17,QBall,Media/Entertainment,QBall - ,Male,,NC,,,N/A,,,200000,15,1333333,1,300000,30,1000000,3,100000,10,,,,,100000,10,100000,10,,,,,,,100000,10,1,1,1,1,0,0,0,Rohan Oza,Guest Shark: Rohan Oza
714,9,1-Oct-17,25-Feb-18,2,715,8-Oct-17,trippie,Travel,trippie - ,Male,,CA,,,N/A,,,100000,10,1000000,0,,,,,,,,,,,,,,,,,,,,,,,1,1,1,1,0,0,0,Rohan Oza,N/A
715,9,1-Oct-17,25-Feb-18,3,716,15-Oct-17,Firdgetland,Lifestyle/Home,Firdgetland - ,Male,,AZ,,,N/A,,,50000,10,500000,1,50000,20,250000,1,50000,20,,,50000,20,,,,,,,,,,,,,1,1,1,1,0,1,1,No Guest,N/A
716,9,1-Oct-17,25-Feb-18,3,717,15-Oct-17,EnsoRings,Fashion/Beauty,Enso Rings - ,Male,,UT,,,N/A,,,500000,7.5,6666667,1,500000,15,3333333,1,500000,15,,,,,,,,,500000,15,,,,,,,1,1,1,1,0,1,1,No Guest,N/A
717,9,1-Oct-17,25-Feb-18,3,718,15-Oct-17,ThirdWaveWater,Food and Beverage,Third Wave Water - ,Male,,OH,,,N/A,,,100000,10,1000000,1,100000,25,400000,1,100000,25,,,100000,25,,,,,,,,,,,,,1,1,1,1,0,1,1,No Guest,N/A
718,9,1-Oct-17,25-Feb-18,3,719,15-Oct-17,Tanglepets,Children/Education,Tanglepets - ,Female,,WA,,,N/A,,,75000,30,250000,1,75000,45,166667,1,75000,45,,,,,,,75000,45,,,,,,,,,1,1,1,1,0,1,1,No Guest,N/A
719,9,1-Oct-17,25-Feb-18,4,720,22-Oct-17,DelightedByHummus,Food and Beverage,Delighted By Hummus - ,Female,,NV,,,N/A,,,600000,12,5000000,1,600000,12,5000000,1,600000,12,,,,,600000,12,,,,,,,,,,,1,1,1,0,0,1,1,Alex Rodriguez,N/A
720,9,1-Oct-17,25-Feb-18,4,721,22-Oct-17,Solemender,Health/Wellness,Solemender - ,Male,,MI,,,N/A,,,75000,10,750000,0,,,,,,,,,,,,,,,,,,,,,,,1,1,1,0,0,1,1,Alex Rodriguez,N/A
721,9,1-Oct-17,25-Feb-18,4,722,22-Oct-17,IceShaker,Fitness/Sports/Outdoors,IceShaker - ,Male,,TX,,,N/A,,,100000,15,666667,1,150000,15,1000000,2,75000,7.5,,,,,75000,7.5,,,,,,,,,75000,7.5,1,1,1,0,0,1,1,Alex Rodriguez,Guest Shark: Alex Rodriguez
722,9,1-Oct-17,25-Feb-18,4,723,22-Oct-17,benjilock,Fitness/Sports/Outdoors,benjilock - ,Male,,CA,,,N/A,,,200000,10,2000000,1,200000,10,2000000,1,200000,10,,,,,,,,,,,,,200000,10,,,1,1,1,0,0,1,1,Alex Rodriguez,Guest Shark: Alex Rodriguez
723,9,1-Oct-17,25-Feb-18,5,724,29-Oct-17,Ash&Anvil,Fashion/Beauty,Ash & Anvil - ,Male,,MI,,,N/A,,,100000,12.5,800000,1,150000,25,600000,1,150000,25,,,,,150000,25,,,,,,,,,,,0,1,1,1,1,1,1,No Guest,N/A
724,9,1-Oct-17,25-Feb-18,5,725,29-Oct-17,Mirmir,Media/Entertainment,Mirmir - ,Male,,CA,,,N/A,,,350000,10,3500000,1,700000,20,3500000,1,700000,20,,,,,,,,,700000,20,,,,,,,0,1,1,1,1,1,1,No Guest,N/A
725,9,1-Oct-17,25-Feb-18,5,726,29-Oct-17,Kwik-hang,Lifestyle/Home,Kwik-hang - ,Male,,MA,,,N/A,,,80000,20,400000,0,,,,,,,,,,,,,,,,,,,,,,,0,1,1,1,1,1,1,No Guest,N/A
726,9,1-Oct-17,25-Feb-18,5,727,29-Oct-17,H3oSports,Fitness/Sports/Outdoors,H3o Sports - ,Male,,FL,,,N/A,,,120000,15,800000,1,120000,33.3,360000,1,120000,33.3,,,,,,,,,120000,33.3,,,,,,,0,1,1,1,1,1,1,No Guest,Plus 10% equity to Mark (for $0!)
727,9,1-Oct-17,25-Feb-18,6,728,29-Oct-17,NovelEffect,Children/Education,Novel Effect - storybook app with voice effects,Mixed Team,,WA,,,N/A,,,500000,10,5000000,1,500000,15,3333333,1,500000,15,,,,,,,500000,15,,,,,,,,,0,1,1,0,1,1,1,Sara Blakely,N/A
728,9,1-Oct-17,25-Feb-18,6,729,29-Oct-17,FatherFigure,Children/Education,Father Figure - paternity clothing for dads,Male,,NY,,,N/A,,,80000,15,533333,0,,,,,,,,,,,,,,,,,,,,,,,0,1,1,0,1,1,1,Sara Blakely,N/A
729,9,1-Oct-17,25-Feb-18,6,730,29-Oct-17,DrainWig,Lifestyle/Home,DrainWig - hair catcher for shower drains,Mixed Team,,UT,,,N/A,,,300000,5,6000000,1,300000,15,2000000,1,300000,15,,,,,,,,,,,,,300000,15,,,0,1,1,0,1,1,1,Sara Blakely,N/A
730,9,1-Oct-17,25-Feb-18,6,731,29-Oct-17,BrazynLife,Fitness/Sports/Outdoors,Brazyn Life - collapsible foam roller,Male,,CA,,,N/A,,,225000,10,2250000,1,250000,20,1250000,2,125000,10,,,,,,,125000,10,,,,,,,125000,10,0,1,1,0,1,1,1,Sara Blakely,Guest Shark: Sara Blakely
735,9,1-Oct-17,25-Feb-18,8,736,5-Nov-17,NoMo-Stach,Fashion/Beauty,No Mo-Stach - portable mustache removal kit,Female,,CA,,,N/A,,,100000,25,400000,1,100000,25,400000,2,50000,12.5,1,,,,,,50000,12.5,,,,,,,50000,12.5,0,1,1,1,0,1,1,Bethenny Frankel,Royalty = $1 on each sold until $200K is repaid
736,9,1-Oct-17,25-Feb-18,8,737,5-Nov-17,Snoofybee,Children/Education,Snoofybee - baby changing pad,Mixed Team,,OR,,,N/A,,,85000,10,850000,1,120000,20,600000,1,120000,20,,,,,,,120000,20,,,,,,,,,0,1,1,1,0,1,1,Bethenny Frankel,N/A
737,9,1-Oct-17,25-Feb-18,8,738,5-Nov-17,DreamPad,Lifestyle/Home,DreamPad - sound-emitting pillows for better sleep,Male,,CO,,,N/A,,,800000,10,8000000,0,,,,,,,,,,,,,,,,,,,,,,,0,1,1,1,0,1,1,Bethenny Frankel,N/A
738,9,1-Oct-17,25-Feb-18,8,739,5-Nov-17,SnarkyTea,Food and Beverage,Snarky Tea - tea blends for specific moods,Female,,PA,,,N/A,,,150000,25,600000,1,150000,50,300000,2,75000,25,,,,,,,,,,,,,75000,25,75000,25,0,1,1,1,0,1,1,Bethenny Frankel,Guest Shark: Bethenny Frankel
739,9,1-Oct-17,25-Feb-18,9,740,12-Nov-17,BrilliantPad,Pet Products,BrilliantPad - self-cleaning puppy pad and dog potty,Male,,IL,,,N/A,,,500000,5,10000000,1,500000,5,10000000,1,500000,5,1,,,,,,500000,5,,,,,,,,,1,1,1,0,0,1,1,Alex Rodriguez,N/A
740,9,1-Oct-17,25-Feb-18,9,741,12-Nov-17,Bravo,Software/Tech,Bravo - tipping app,Mixed Team,,AZ,,,N/A,,,150000,5,3000000,1,150000,14,1071429,2,75000,7,,,,,75000,7,75000,7,,,,,,,,,1,1,1,0,0,1,1,Alex Rodriguez,4% is in advisory shares (2% per shark)
741,9,1-Oct-17,25-Feb-18,9,742,12-Nov-17,HoopMaps,Fitness/Sports/Outdoors,HoopMaps - finds the nearest basketball games,Male,,CA,,,N/A,,,100000,5,2000000,0,,,,,,,,,,,,,,,,,,,,,,,1,1,1,0,0,1,1,Alex Rodriguez,N/A
742,9,1-Oct-17,25-Feb-18,9,743,12-Nov-17,Glovestix,Fitness/Sports/Outdoors,Glovestix - athletic gear deodorizer,Female,,VA,,,N/A,,,150000,10,1500000,1,150000,15,1000000,2,75000,7.5,,,,,,,75000,7.5,,,,,,,75000,7.5,1,1,1,0,0,1,1,Alex Rodriguez,Guest Shark: Alex Rodriguez
743,9,1-Oct-17,25-Feb-18,10,744,12-Nov-17,Grypmat,Automotive,Grypmat - tray that will keep your tools in place,Male,,OH,,,N/A,,,200000,10,2000000,1,360000,30,1200000,3,120000,10,,,,,120000,10,120000,10,,,,,,,120000,10,0,1,1,1,1,0,0,Richard Branson,Guest Shark: Richard Branson
744,9,1-Oct-17,25-Feb-18,10,745,12-Nov-17,DNASimple,Health/Wellness,DNA Simple - saliva donor service for science research,Male,,NY,,,N/A,,,100000,12.5,800000,1,200000,15,1333333,1,200000,15,,,,,200000,15,,,,,,,,,,,0,1,1,1,1,0,0,Richard Branson,N/A
745,9,1-Oct-17,25-Feb-18,10,746,12-Nov-17,Robin,Fitness/Sports/Outdoors,Robin - robotic lawnmower service,Male,,TX,,,N/A,,,500000,5,10000000,0,,,,,,,,,,,,,,,,,,,,,,,0,1,1,1,1,0,0,Richard Branson,N/A
746,9,1-Oct-17,25-Feb-18,10,747,12-Nov-17,SmartGurlz,Software/Tech,SmartGurlz - coding dolls for girls,Female,,MD,,,N/A,,,200000,5,4000000,1,200000,5,4000000,1,200000,5,,,,,,,,,,,200000,5,,,,,0,1,1,1,1,0,0,Richard Branson,N/A
747,9,1-Oct-17,25-Feb-18,11,748,26-Nov-17,ReelyHookedFishCo.,Food and Beverage,Reely Hooked Fish Co. - healthy smoked fish dip,Male,,FL,,,N/A,,,75000,25,300000,1,75000,25,300000,1,75000,25,,,,,75000,25,,,,,,,,,,,0,1,1,1,1,1,1,No Guest,N/A
748,9,1-Oct-17,25-Feb-18,11,749,26-Nov-17,TheCutBuddy,Fashion/Beauty,The Cut Buddy - multi-curve hair trimming guide tool,Male,,FL,,,N/A,,,300000,10,3000000,1,300000,20,1500000,1,300000,20,,,,,,,,,,,300000,20,,,,,0,1,1,1,1,1,1,No Guest,N/A
749,9,1-Oct-17,25-Feb-18,11,750,26-Nov-17,Slumberkins,Children/Education,Slumberkins - stuffed animals for sensory stimulation,Female,,Canada,,,N/A,,,175000,5,3500000,0,,,,,,,,,,,,,,,,,,,,,,,0,1,1,1,1,1,1,No Guest,N/A
750,9,1-Oct-17,25-Feb-18,11,751,26-Nov-17,ProntoBev,Lifestyle/Home,ProntoBev - instant wine chiller,Male,,CA,,,N/A,,,100000,5,2000000,1,100000,25,400000,1,100000,25,,,,,100000,25,,,,,,,,,,,0,1,1,1,1,1,1,No Guest,contingent on him raising the other $100K
751,9,1-Oct-17,25-Feb-18,12,752,3-Dec-17,Hater,Software/Tech,Hater - dating app,Male,,NY,,,N/A,,,200000,5,4000000,1,200000,10,2000000,1,200000,10,,,,,200000,10,,,,,,,,,,,1,1,1,1,0,0,0,Rohan Oza,N/A
752,9,1-Oct-17,25-Feb-18,12,753,3-Dec-17,CocoTaps,Lifestyle/Home,Coco Taps - coconut drill tools for drinking straight out of the fruit,Male,,CA,,,N/A,,,150000,10,1500000,0,,,,,,,,,,,,,,,,,,,,,,,1,1,1,1,0,0,0,Rohan Oza,N/A
753,9,1-Oct-17,25-Feb-18,12,754,3-Dec-17,EverlyWell,Health/Wellness,EverlyWell - at-home lab testing,Female,,TX,,,N/A,,,1000000,5,20000000,1,1000000,5,20000000,1,1000000,5,,1,,,,,1000000,5,,,,,,,,,1,1,1,1,0,0,0,Rohan Oza,as a line of credit for 8% interest
754,9,1-Oct-17,25-Feb-18,12,755,3-Dec-17,Mush,Food and Beverage,Mush - ready to eat oatmeal,Female,,CA,,,N/A,,,300000,10,3000000,1,300000,10,3000000,1,300000,10,,1,,,300000,10,,,,,,,,,,,1,1,1,1,0,0,0,Rohan Oza,plus unlimited line of credit
755,9,1-Oct-17,25-Feb-18,13,756,7-Jan-18,TheOriginalComfy,Fashion/Beauty,The Original Comfy - sweater blanket,Male,,AZ,,,N/A,,,50000,20,250000,1,50000,20,250000,1,50000,20,,,50000,20,,,,,,,,,,,,,1,1,1,1,0,1,1,No Guest,N/A
756,9,1-Oct-17,25-Feb-18,13,757,7-Jan-18,ChristmasTreeHugger,Lifestyle/Home,Christmas Tree Hugger - bark-looking trunk cover for fake trees,Male,,NY,,,N/A,,,100000,20,500000,0,,,,,,,,,,,,,,,,,,,,,,,1,1,1,1,0,1,1,No Guest,N/A
757,9,1-Oct-17,25-Feb-18,13,758,7-Jan-18,RokBlok,Media/Entertainment,RokBlok - portable record player,Male,,CA,,,N/A,,,300000,15,2000000,1,500000,100,500000,1,500000,100,,,,,,,,,500000,100,,,,,,,1,1,1,1,0,1,1,No Guest,Bought 100% of the company. Offered to hire Riley for 2 years at a six-figure contract with an additional royalty of $5 per unit.
758,9,1-Oct-17,25-Feb-18,13,759,7-Jan-18,ModernChristmasTrees,Lifestyle/Home,Modern Christmas Trees - artificial tree that is collapsible,Male,,CO,,,N/A,,,100000,10,1000000,1,100000,18,555556,1,100000,18,1,,100000,18,,,,,,,,,,,,,1,1,1,1,0,1,1,No Guest,$5 royalty until her investment is repaid
759,9,1-Oct-17,25-Feb-18,14,760,7-Jan-18,Frywall,Lifestyle/Home,Frywall - spltter protection for frying pans,Male,,NY,,,N/A,,,100000,10,1000000,1,100000,10,1000000,2,50000,5,,1,,,,,50000,5,,,,,50000,5,,,0,1,1,1,1,1,1,No Guest,plus line of credit to cover purchase orders
760,9,1-Oct-17,25-Feb-18,14,761,7-Jan-18,EllipticalStroller,Fitness/Sports/Outdoors,Elliptical Stroller - eliptical stroller,Male,,FL,,,N/A,,,500000,40,1250000,0,,,,,,,,,,,,,,,,,,,,,,,0,1,1,1,1,1,1,No Guest,N/A
761,9,1-Oct-17,25-Feb-18,14,762,7-Jan-18,Inirv,Lifestyle/Home,Inirv - smart stove sensors,Mixed Team,,CA,,,N/A,,,800000,8,10000000,0,,,,,,,,,,,,,,,,,,,,,,,0,1,1,1,1,1,1,No Guest,N/A
762,9,1-Oct-17,25-Feb-18,14,763,7-Jan-18,birddogs,Fashion/Beauty,birddogs - gym shorts,Male,,NY,,,N/A,,,250000,1.5,16666667,0,,,,,,,,,,,,,,,,,,,,,,,0,1,1,1,1,1,1,No Guest,N/A
763,9,1-Oct-17,25-Feb-18,15,764,14-Jan-18,iFork,Lifestyle/Home,iFork - picnic product line,Male,,NY,,,N/A,,,100000,5,2000000,1,100000,20,500000,1,100000,20,,,100000,20,,,,,,,,,,,,,1,1,1,1,0,0,0,Rohan Oza,N/A
764,9,1-Oct-17,25-Feb-18,15,765,14-Jan-18,Stasher,Green/CleanTech,Stasher - eco-friendly ziplock bags,Female,,CA,,,N/A,,,400000,5,8000000,1,400000,15,2666667,1,400000,15,,1,,,400000,15,,,,,,,,,,,1,1,1,1,0,0,0,Rohan Oza,Plus line of credit
765,9,1-Oct-17,25-Feb-18,15,766,14-Jan-18,Recharj,Business Services,Recharj - nap studios,Male,,DC,,,N/A,,,75000,15,500000,0,,,,,,,,,,,,,,,,,,,,,,,1,1,1,1,0,0,0,Rohan Oza,N/A
766,9,1-Oct-17,25-Feb-18,15,767,14-Jan-18,Detrapel,Lifestyle/Home,Detrapel - liquid repellant spray,Male,,PA,,,N/A,,,200000,20,1000000,1,200000,25,800000,2,100000,12.5,,,,,100000,12.5,100000,12.5,,,,,,,,,1,1,1,1,0,0,0,Rohan Oza,N/A
767,9,1-Oct-17,25-Feb-18,16,768,14-Jan-18,Joe'sGourmetFishFry,Food and Beverage,Joe's Gourmet Fish Fry - fish fry batter,Mixed Team,,GA,,,N/A,,,150000,15,1000000,1,150000,25,600000,1,150000,25,,,,,,,,,,,150000,25,,,,,0,1,1,1,1,1,1,No Guest,N/A
768,9,1-Oct-17,25-Feb-18,16,769,14-Jan-18,GoatPetProducts,Pet Products,Goat Pet Products - gadget for pet collar,Female,,MI,,,N/A,,,499000,9,5544444,1,499000,33.3,1497000,1,499000,33.3,,,,,,,,,499000,33.3,,,,,,,0,1,1,1,1,1,1,No Guest,N/A
769,9,1-Oct-17,25-Feb-18,16,770,14-Jan-18,DudeRobe,Fashion/Beauty,Dude Robe - robes for men,Male,,NY,,,N/A,,,150000,18,833333,0,,,,,,,,,,,,,,,,,,,,,,,0,1,1,1,1,1,1,No Guest,N/A
770,9,1-Oct-17,25-Feb-18,16,771,18-Nov-16,TheLongHairs,Fashion/Beauty,The Long Hairs - hair products for long-haired men,Male,,CA,,,N/A,,,95000,10,950000,1,100000,20,500000,1,100000,20,,,,,100000,20,,,,,,,,,,,0,1,1,1,1,1,1,No Guest,N/A
771,9,1-Oct-17,25-Feb-18,17,772,21-Jan-18,Alice'sTable,Business Services,Alice's Table - business-in-a-box platform for women,Female,,MA,,,N/A,,,250000,6.3,4000000,1,250000,10,2500000,2,125000,5,,,,,125000,5,,,,,,,,,125000,5,0,1,1,0,1,1,1,Sara Blakely,Guest Shark: Sarah Blakely; includes option to buy 10% later
772,9,1-Oct-17,25-Feb-18,17,773,21-Jan-18,Zup,Fitness/Sports/Outdoors,"Zup - all-in-one kneeboard, wakesurf, and water ski",Male,,VA,,,N/A,,,300000,10,3000000,0,,,,,,,,,,,,,,,,,,,,,,,0,1,1,0,1,1,1,Sara Blakely,N/A
773,9,1-Oct-17,25-Feb-18,17,774,21-Jan-18,BoobieBar,Food and Beverage,Boobie Bar - lactation bars for breastfeeding,Female,,CA,,,N/A,,,150000,10,1500000,1,150000,20,750000,1,150000,20,,,,,,,,,,,150000,20,,,,,0,1,1,0,1,1,1,Sara Blakely,N/A
774,9,1-Oct-17,25-Feb-18,17,775,21-Jan-18,Pandaloon,Pet Products,Pandaloon - animal costumes,Female,,CA,,,N/A,,,60000,20,300000,1,60000,35,171429,1,60000,35,,,,,,,,,,,60000,35,,,,,0,1,1,0,1,1,1,Sara Blakely,Guest Shark: Sarah Blakely
775,9,1-Oct-17,25-Feb-18,18,780,21-Jan-18,RounderBum,Fashion/Beauty,RounderBum - padded men's undergarments,Male,,CA,,,N/A,,,150000,10,1500000,1,150000,5,3000000,1,150000,5,1,,,,,,,,,,,,150000,5,,,0,1,1,1,1,1,1,No Guest,N/A
776,9,1-Oct-17,25-Feb-18,18,781,21-Jan-18,BrushHero,Lifestyle/Home,Brush Hero - water-pressure powered oscillating brush,Male,,,,,N/A,,,500000,10,5000000,0,,,,,,,,,,,,,,,,,,,,,,,0,1,1,1,1,1,1,No Guest,N/A
777,9,1-Oct-17,25-Feb-18,18,782,21-Jan-18,Savy,Fashion/Beauty,Savy - online service that allows customers to negotiate prices with vendors,Female,,,,,N/A,,,100000,10,1000000,0,,,,,,,,,,,,,,,,,,,,,,,0,1,1,1,1,1,1,No Guest,N/A
778,9,1-Oct-17,25-Feb-18,18,783,21-Jan-18,GuzzleBuddy,Food and Beverage,Guzzle Buddy - wine glass attachable to bottles,Mixed Team,,,,,N/A,,,400000,10,4000000,1,400000,25,1600000,1,400000,25,,,,,,,,,,,400000,25,,,,,0,1,1,1,1,1,1,No Guest,N/A
779,9,1-Oct-17,25-Feb-18,19,776,21-Jan-18,ThePop,Children/Education,The Pop - pacifier,Female,,NY,,,N/A,,,250000,5,5000000,1,250000,10,2500000,1,250000,10,,,,,,,,,,,,,250000,10,,,0,1,1,0,1,1,1,Sara Blakely,N/A
780,9,1-Oct-17,25-Feb-18,19,777,21-Jan-18,BouquetBar,Lifestyle/Home,Bouquet Bar - custom gift boxes,Male,,CA,,,N/A,,,150000,10,1500000,1,150000,25,600000,1,150000,25,,,,,150000,25,,,,,,,,,,,0,1,1,0,1,1,1,Sara Blakely,N/A
781,9,1-Oct-17,25-Feb-18,19,778,21-Jan-18,TheWingman,Fitness/Sports/Outdoors,The Wingman - life jackets,Male,,WI,,,N/A,,,200000,12.5,1600000,0,,,,,,,,,,,,,,,,,,,,,,,0,1,1,0,1,1,1,Sara Blakely,N/A
782,9,1-Oct-17,25-Feb-18,19,779,21-Jan-18,Zuvaa,Fashion/Beauty,Zuvaa - marketplace for African fashion,Female,,GA,,,N/A,,,460000,10,4600000,0,,,,,,,,,,,,,,,,,,,,,,,0,1,1,0,1,1,1,Sara Blakely,N/A
783,9,1-Oct-17,25-Feb-18,20,784,28-Jan-18,TheDoughBar,Food and Beverage,The Dough Bar - protein donuts,Mixed Team,,CA,,,N/A,,,300000,15,2000000,1,300000,20,1500000,1,300000,20,,,300000,20,,,,,,,,,,,,,1,1,1,1,0,0,0,Alex Rodriguez,N/A
784,9,1-Oct-17,25-Feb-18,20,785,28-Jan-18,ShowerPill,Health/Wellness,ShowerPill - body wipes,Male,,MD,,,N/A,,,300000,10,3000000,0,,,,,,,,,,,,,,,,,,,,,,,1,1,1,1,0,0,0,Alex Rodriguez,N/A
785,9,1-Oct-17,25-Feb-18,20,786,28-Jan-18,ChangEd,Children/Education,ChangEd - app that rounds up transactions to pay for student loan,Male,,IL,,,N/A,,,250000,15,1666667,1,250000,25,1000000,1,250000,25,,,,,250000,25,,,,,,,,,,,1,1,1,1,0,0,0,Alex Rodriguez,N/A
786,9,1-Oct-17,25-Feb-18,20,787,28-Jan-18,SnapClips,Fitness/Sports/Outdoors,SnapClips - silicone weight collars,Male,,IL,,,N/A,,,150000,15,1000000,1,150000,30,500000,3,50000,10,,,,,50000,10,50000,10,,,,,,,50000,10,1,1,1,1,0,0,0,Alex Rodriguez,Guest Shark: Alex Rodriguez
787,9,1-Oct-17,25-Feb-18,21,788,28-Jan-18,Sap!,Food and Beverage,Sap! - canned maple beverages,Male,,VT,,,N/A,,,600000,12,5000000,0,,,,,,,,,,,,,,,,,,,,,,,1,1,1,1,0,0,0,Rohan Oza,N/A
788,9,1-Oct-17,25-Feb-18,21,789,28-Jan-18,Radiate,Fitness/Sports/Outdoors,Radiate - portable campfire,Male,,,,,N/A,,,50000,20,250000,1,100000,25,400000,1,100000,25,,,,,,,,,100000,25,,,,,,,1,1,1,1,0,0,0,Rohan Oza,N/A
789,9,1-Oct-17,25-Feb-18,21,790,28-Jan-18,Petrol,Pet Products,Petrol - vitamin water for dogs,Mixed Team,,NC,,,N/A,,,150000,20,750000,0,,,,,,,,,,,,,,,,,,,,,,,1,1,1,1,0,0,0,Rohan Oza,N/A
790,9,1-Oct-17,25-Feb-18,21,791,28-Jan-18,Everytable,Food and Beverage,Everytable - take-out packaged food,Male,,CA,,,N/A,,,1000000,5,20000000,1,1000000,10,10000000,1,1000000,10,,,,,,,,,,,,,,,1000000,10,1,1,1,1,0,0,0,Rohan Oza,Guest Shark: Rohan Oza
791,9,1-Oct-17,25-Feb-18,22,792,11-Feb-18,GunnarOptiks,Lifestyle/Home,Gunnar Optiks - glasses for looking at computers,Male,,CA,,,N/A,,,750000,5,15000000,1,750000,5,15000000,1,750000,5,,1,,,,,750000,5,,,,,,,,,1,1,1,1,0,0,0,Rohan Oza,$375K of the $750K done as a loan for 8%
792,9,1-Oct-17,25-Feb-18,22,793,11-Feb-18,Avocaderia,Food and Beverage,Avocaderia - avocado-based food chain,Male,,WA,,,N/A,,,300000,10,3000000,1,400000,20,2000000,2,200000,10,,,200000,10,200000,10,,,,,,,,,,,1,1,1,1,0,0,0,Rohan Oza,N/A
793,9,1-Oct-17,25-Feb-18,22,794,11-Feb-18,Solsource,Lifestyle/Home,Solsource - solar powered grill,Female,,CA,,,N/A,,,500000,3,16666667,1,500000,4,12500000,1,500000,4,,,,,500000,4,,,,,,,,,,,1,1,1,1,0,0,0,Rohan Oza,N/A
794,9,1-Oct-17,25-Feb-18,22,795,11-Feb-18,Sunnova,Food and Beverage,Sunnova - super coffee,Male,,NY,,,N/A,,,500000,4.5,11111111,0,,,,,,,,,,,,,,,,,,,,,,,1,1,1,1,0,0,0,Rohan Oza,N/A
795,9,1-Oct-17,25-Feb-18,23,796,18-Feb-18,EggMazing,Lifestyle/Home,Egg Mazing - easter egg decorator,Male,,TX,,,N/A,,,350000,7,5000000,1,150000,10,1500000,1,150000,10,1,,,,,,150000,10,,,,,,,,,1,1,1,1,0,1,1,No Guest,"$2 royalty until money paid back, half of royalty given to charity of their choice"
796,9,1-Oct-17,25-Feb-18,23,797,18-Feb-18,Hugo'sAmazingTape,Lifestyle/Home,Hugo's Amazing Tape - tape that sticks to itself,Female,,CA,,,N/A,,,50000,50,100000,1,100000,100,100000,2,50000,50,,,,,50000,50,50000,50,,,,,,,,,1,1,1,1,0,1,1,No Guest,Bought the entire company!
797,9,1-Oct-17,25-Feb-18,23,798,18-Feb-18,Coolpeds,Fitness/Sports/Outdoors,Coolpeds - Electric scooters,Male,,CA,,,N/A,,,250000,5,5000000,0,,,,,,,,,,,,,,,,,,,,,,,1,1,1,1,0,1,1,No Guest,N/A
798,9,1-Oct-17,25-Feb-18,23,799,18-Feb-18,Coinout,Software/Tech,Coinout - digital cash wallet,Male,,NY,,,N/A,,,250000,7.5,3333333,1,250000,15,1666667,1,250000,15,,,,,,,,,250000,15,,,,,,,1,1,1,1,0,1,1,No Guest,contingent upon obtaining a successful pilot with a large retailer
807,10,7-Oct-18,12-May-19,2,808,14-Oct-18,Sanaa,Food and Beverage,Sanaa - applesauce,Female,,,,,N/A,,,150000,15,1000000,1,150000,25,600000,1,150000,25,,,,,150000,25,,,,,,,,,,,1,1,1,1,0,1,1,No Guest,N/A
808,10,7-Oct-18,12-May-19,2,809,14-Oct-18,LugBug,Children/Education,Lug Bug - baby carrier handle,Male,,,,,N/A,,,300000,10,3000000,0,,,,,,,,,,,,,,,,,,,,,,,1,1,1,1,0,1,1,No Guest,N/A
809,10,7-Oct-18,12-May-19,2,810,14-Oct-18,Ta-TaTowels,Fashion/Beauty,Ta-Ta Towels - stop boob sweat,Female,,,,,N/A,,,200000,10,2000000,1,200000,40,500000,1,200000,40,,,,,,,200000,40,,,,,,,,,1,1,1,1,0,1,1,No Guest,N/A
810,10,7-Oct-18,12-May-19,2,811,14-Oct-18,ShedDefender,Pet Products,Shed Defender - onesie for dogs,Male,,,,,N/A,,,250000,10,2500000,1,250000,25,1000000,1,250000,25,,,,,,,250000,25,,,,,,,,,1,1,1,1,0,1,1,No Guest,N/A
811,10,7-Oct-18,12-May-19,3,812,21-Oct-18,Soupergirl,Food and Beverage,Soupergirl - healthier soups,Female,,DC,,,N/A,,,500000,10,5000000,0,,,,,,,,,,,,,,,,,,,,,,,0,1,1,0,1,1,1,Matt Higgins,N/A
812,10,7-Oct-18,12-May-19,3,813,21-Oct-18,bundil,Software/Tech,bundil - cryptocurrency investing app,Male,,TX,,,N/A,,,100000,10,1000000,1,100000,50,200000,1,100000,50,,,,,,,,,,,,,100000,50,,,0,1,1,0,1,1,1,Matt Higgins,N/A
813,10,7-Oct-18,12-May-19,3,814,21-Oct-18,BeyondSushi,Food and Beverage,Beyond Sushi - vegan sushi,Male,,,,,N/A,,,1500000,30,5000000,1,1500000,45,3333333,2,750000,22.5,,,,,,,750000,22.5,,,,,,,750000,22.5,0,1,1,0,1,1,1,Matt Higgins,Guest Shark: Matt Higgins
814,10,7-Oct-18,12-May-19,3,815,21-Oct-18,CupBoardPro,Lifestyle/Home,Cup Board Pro - cutting board,Mixed Team,,,,,N/A,,,100000,10,1000000,1,100000,20,500000,5,20000,4,,,,,20000,4,20000,4,,,20000,4,20000,4,20000,4,0,1,1,0,1,1,1,Matt Higgins,Guest Shark: Matt Higgins
815,10,7-Oct-18,12-May-19,4,816,28-Oct-18,Manscaped,Health/Wellness,Manscaped - men's grooming products,Male,,CA,,,N/A,,,500000,7,7142857,1,500000,25,2000000,2,250000,12.5,,,,,250000,12.5,250000,12.5,,,,,,,,,0,1,1,1,0,1,1,Charles Barkley,N/A
816,10,7-Oct-18,12-May-19,4,817,28-Oct-18,boomboom,Health/Wellness,boomboom - all-natural nasal inhaler,Mixed Team,,,,,N/A,,,300000,10,3000000,0,,,,,,,,,,,,,,,,,,,,,,,0,1,1,1,0,1,1,Charles Barkley,N/A
817,10,7-Oct-18,12-May-19,4,818,28-Oct-18,CaveShake,Food and Beverage,"Cave Shake - keto, paleo shake",Female,,,,,N/A,,,250000,10,2500000,1,250000,20,1250000,1,250000,20,,,,,,,,,,,,,,,250000,20,0,1,1,1,0,1,1,Charles Barkley,Guest Shark: Charles Barkley
818,10,7-Oct-18,12-May-19,4,819,28-Oct-18,ButterCloth,Fashion/Beauty,Butter Cloth - men's shirts,Male,,CA,,,N/A,,,250000,10,2500000,1,250000,25,1000000,1,250000,25,,,,,,,,,250000,25,,,,,,,0,1,1,1,0,1,1,Charles Barkley,N/A
819,10,7-Oct-18,12-May-19,5,820,18-Nov-18,HandbagRaincoat,Fashion/Beauty,Handbag Raincoat - handbag raincoat,Female,,,,,N/A,,,300000,25,1200000,0,,,,,,,,,,,,,,,,,,,,,,,1,1,1,0,0,1,1,Sara Blakely,N/A
820,10,7-Oct-18,12-May-19,5,821,18-Nov-18,Rewardstock,Software/Tech,Rewardstock - travel site to use reward points,Male,,NC,,,N/A,,,200000,5,4000000,1,320000,10,3200000,1,320000,10,,,,,320000,10,,,,,,,,,,,1,1,1,0,0,1,1,Sara Blakely,1% in advisory shares
821,10,7-Oct-18,12-May-19,5,822,18-Nov-18,Wisp,Lifestyle/Home,Wisp - more efficient broom,Male,,,,,N/A,,,500000,10,5000000,0,,,,,,,,,,,,,,,,,,,,,,,1,1,1,0,0,1,1,Sara Blakely,N/A
822,10,7-Oct-18,12-May-19,5,823,18-Nov-18,TheKombuchaShop,Food and Beverage,The Kombucha Shop - DIY kombucha,Female,,WI,,,N/A,,,350000,10,3500000,1,200000,10,2000000,2,100000,5,,,100000,5,,,,,,,,,,,100000,5,1,1,1,0,0,1,1,Sara Blakely,Guest Shark: Sara Blakely
823,10,7-Oct-18,12-May-19,6,824,25-Nov-18,Lockstraps,Lifestyle/Home,Lockstraps - locking tie downs,Male,,,,,N/A,,,200000,20,1000000,0,,,,,,,,,,,,,,,,,,,,,,,1,1,1,0,0,1,1,Alex Rodriguez,N/A
824,10,7-Oct-18,12-May-19,6,825,25-Nov-18,VadeNutrition,Food and Beverage,Vade Nutrition - protein shakes,Mixed Team,,,,,N/A,,,250000,10,2500000,1,700000,40,1750000,2,350000,20,,,,,350000,20,,,,,,,,,350000,20,1,1,1,0,0,1,1,Alex Rodriguez,N/A
825,10,7-Oct-18,12-May-19,6,826,25-Nov-18,Nui,Food and Beverage,Nui - low-sugar diet cookies,Male,,,,,N/A,,,300000,10,3000000,1,300000,25,1200000,1,300000,25,,,,,,,,,,,,,,,300000,25,1,1,1,0,0,1,1,Alex Rodriguez,N/A
826,10,7-Oct-18,12-May-19,6,827,25-Nov-18,Bottlekeeper,Lifestyle/Home,Bottlekeeper - insulated beer bottle holder,Male,,,,,N/A,,,1000000,5,20000000,1,1000000,5,20000000,2,500000,2.5,1,,,,500000,2.5,500000,2.5,,,,,,,,,1,1,1,0,0,1,1,Alex Rodriguez,N/A
827,10,7-Oct-18,12-May-19,7,828,2-Dec-18,Prank-O,Uncertain/Other,Prank-O - fake product gift boxes,Male,,,,,N/A,,,640000,8,8000000,1,640000,25,2560000,1,640000,25,,,,,640000,25,,,,,,,,,,,1,1,1,0,1,1,1,No Guest,N/A
828,10,7-Oct-18,12-May-19,7,829,2-Dec-18,Ski-Z,Fitness/Sports/Outdoors,Ski-Z - rolling ski carrier,Male,,,,,N/A,,,50000,15,333333,1,50000,15,333333,1,50000,15,,,50000,15,,,,,,,,,,,,,1,1,1,0,1,1,1,No Guest,N/A
829,10,7-Oct-18,12-May-19,7,830,2-Dec-18,Oatmeals,Food and Beverage,Oatmeals - oatmeal cafe,Female,,,,,N/A,,,500000,20,2500000,1,500000,33.3,15000000,1,500000,33.3,,,,,,,500000,33.3,,,,,,,,,1,1,1,0,1,1,1,No Guest,N/A
830,10,7-Oct-18,12-May-19,7,831,2-Dec-18,HireSanta,Business Services,Hire Santa - santa network,Male,,,,,N/A,,,200000,10,2000000,1,200000,10,2000000,1,200000,10,,,200000,10,,,,,,,,,,,,,1,1,1,0,1,1,1,No Guest,N/A
835,10,7-Oct-18,12-May-19,9,836,6-Jan-19,MokiDoorstep,Automotive,Moki Doorstep - step to reach roof of car,Mixed Team,,CT,,,N/A,,,150000,5,3000000,1,3000000,100,3000000,1,3000000,100,,,,,,,,,,,3000000,100,,,,,0,1,1,1,1,1,1,No Guest,bought the whole company!
836,10,7-Oct-18,12-May-19,9,837,6-Jan-19,SproingFitness,Fitness/Sports/Outdoors,Sproing Fitness - redesigned treadmill,Male,,IL,,,N/A,,,500000,8,6250000,0,,,,,,,,,,,,,,,,,,,,,,,0,1,1,1,1,1,1,No Guest,N/A
837,10,7-Oct-18,12-May-19,9,838,6-Jan-19,Bruw,Food and Beverage,Bruw - DIY cold brew coffee,Male,,MI,,,N/A,,,50000,25,200000,1,50000,30,166667,1,50000,30,,,,,50000,30,,,,,,,,,,,0,1,1,1,1,1,1,No Guest,N/A
838,10,7-Oct-18,12-May-19,9,839,6-Jan-19,TushBaby,Children/Education,TushBaby - carrier for babies,Female,,CA,,,N/A,,,200000,10,2000000,1,200000,20,1000000,1,200000,20,,,,,,,200000,20,,,,,,,,,0,1,1,1,1,1,1,No Guest,N/A
847,10,7-Oct-18,12-May-19,12,848,27-Jan-19,ObviousWines,Food and Beverage,Obvious Wines - wine,Male,,CA,,,N/A,,,150000,5,3000000,1,160000,12.5,1280000,1,160000,12.5,,,,,,,160000,12.5,,,,,,,,,0,1,1,1,1,1,1,No Guest,N/A
848,10,7-Oct-18,12-May-19,12,849,27-Jan-19,ZuGoPet,Pet Products,ZuGoPet - travel products for pets,Female,,TX,,,N/A,,,100000,10,1000000,0,,,,,,,,,,,,,,,,,,,,,,,0,1,1,1,1,1,1,No Guest,N/A
849,10,7-Oct-18,12-May-19,12,850,27-Jan-19,MontiKids,Children/Education,Monti Kids - montessori toys,Female,,CA,,,N/A,,,200000,2.5,8000000,1,200000,2.5,8000000,1,200000,2.5,1,,,,,,,,,,,,200000,2.5,,,0,1,1,1,1,1,1,No Guest,"royalty of $10 until $200K is paid, then $2.50 until $600K is paid"
850,10,7-Oct-18,12-May-19,12,851,27-Jan-19,TwistItUpCombs,Fashion/Beauty,Twist It Up Combs - hair comb,Male,,CA,,,N/A,,,225000,15,1500000,1,225000,25,900000,2,112500,12.5,,,,,112500,12.5,,,,,112500,12.5,,,,,0,1,1,1,1,1,1,No Guest,N/A
851,10,7-Oct-18,12-May-19,13,852,27-Jan-19,FreshBellies,Food and Beverage,Fresh Bellies - baby food,Female,,NY,,,N/A,,,275000,5,5500000,0,,,,,,,,,,,,,,,,,,,,,,,0,1,1,1,0,1,1,Charles Barkley,N/A
852,10,7-Oct-18,12-May-19,13,853,27-Jan-19,SubSafe,Lifestyle/Home,SubSafe - sandwich container,Mixed Team,,,,,N/A,,,50000,13,384615,1,100000,25,400000,2,50000,12.5,,,,,50000,12.5,,,,,,,,,50000,12.5,0,1,1,1,0,1,1,Charles Barkley,N/A
853,10,7-Oct-18,12-May-19,13,854,27-Jan-19,Zorpads,Fashion/Beauty,Zorpads - shoe odor inserts,Mixed Team,,CA,,,N/A,,,150000,8,1875000,1,150000,22.5,666667,2,75000,11.25,,,,,,,75000,11.25,,,,,,,75000,11.25,0,1,1,1,0,1,1,Charles Barkley,N/A
854,10,7-Oct-18,12-May-19,13,855,27-Jan-19,LifeLiftSystems,Lifestyle/Home,Life Lift Systems - tornado shelter,Male,,OK,,,N/A,,,550000,15,3666667,1,550000,25,2200000,1,550000,25,,,,,550000,25,,,,,,,,,,,0,1,1,1,0,1,1,Charles Barkley,N/A
855,10,7-Oct-18,12-May-19,14,856,3-Mar-19,CulrMix,Fashion/Beauty,CulrMix - hair product,Mixed Team,,IL,,,N/A,,,400000,10,4000000,0,,,,,,,,,,,,,,,,,,,,,,,0,1,1,1,0,1,1,Alli Webb,N/A
856,10,7-Oct-18,12-May-19,14,857,3-Mar-19,Zookies,Pet Products,Zookies - dog treats,Male,,NC,,,N/A,,,50000,20,250000,1,50000,30,166667,1,50000,30,,,,,,,,,,,,,,,50000,30,0,1,1,1,0,1,1,Alli Webb,N/A
857,10,7-Oct-18,12-May-19,14,858,3-Mar-19,GOGA,Health/Wellness,GOGA - goat yoga,Mixed Team,,TX,,,N/A,,,50000,15,333333,0,,,,,,,,,,,,,,,,,,,,,,,0,1,1,1,0,1,1,Alli Webb,N/A
858,10,7-Oct-18,12-May-19,14,859,3-Mar-19,ShowerToga,Lifestyle/Home,Shower Toga - portable shower,Female,,,,,N/A,,,80000,33,242424,1,80000,40,200000,2,40000,20,,,,,40000,20,,,,,,,,,40000,20,0,1,1,1,0,1,1,Alli Webb,N/A
859,10,7-Oct-18,12-May-19,15,860,10-Mar-19,ToyBox,Software/Tech,ToyBox - 3d printer,Mixed Team,,,,,N/A,,,150000,5,3000000,1,150000,13,1153846,1,150000,13,,,,,,,,,,,,,150000,13,,,0,1,1,0,1,1,1,Jamie Siminoff,N/A
860,10,7-Oct-18,12-May-19,15,861,10-Mar-19,MoinkMeat,Food and Beverage,Moink Meat - subscription box,Female,,MO,,,N/A,,,250000,10,2500000,1,400000,20,2000000,1,400000,20,,,,,,,,,,,,,,,400000,20,0,1,1,0,1,1,1,Jamie Siminoff,N/A
861,10,7-Oct-18,12-May-19,15,862,10-Mar-19,Goalsetter,Software/Tech,Goalsetter - savings app,Female,,,,,N/A,,,200000,4,5000000,0,,,,,,,,,,,,,,,,,,,,,,,0,1,1,0,1,1,1,Jamie Siminoff,N/A
862,10,7-Oct-18,12-May-19,15,863,10-Mar-19,JollyRoger,Software/Tech,Jolly Roger - robocall bot,Male,,,,,N/A,,,400000,10,4000000,0,,,,,,,,,,,,,,,,,,,,,,,0,1,1,0,1,1,1,Jamie Siminoff,N/A
863,10,7-Oct-18,12-May-19,16,864,17-Mar-19,UrbanFloat,Health/Wellness,Urban Float - sensory deprivation therapy,Male,,,,,N/A,,,500000,5,10000000,1,500000,12.5,4000000,1,500000,12.5,,,,,,,,,,,,,,,500000,12.5,0,1,1,0,1,1,1,Matt Higgins,N/A
864,10,7-Oct-18,12-May-19,16,865,17-Mar-19,KudoBanz,Children/Education,Kudo Banz - wrist bands for kids,Mixed Team,,,,,N/A,,,150000,10,1500000,0,,,,,,,,,,,,,,,,,,,,,,,0,1,1,0,1,1,1,Matt Higgins,N/A
865,10,7-Oct-18,12-May-19,16,866,17-Mar-19,PoochSelfie,Pet Products,Pooch Selfie - Selfie tool for dogs,Male,,,,,N/A,,,100000,20,500000,1,100000,33.3,300300,1,100000,33.3,,,,,,,,,,,100000,33.3,,,,,0,1,1,0,1,1,1,Matt Higgins,N/A
866,10,7-Oct-18,12-May-19,16,867,17-Mar-19,WildEarth,Pet Products,Wild Earth - dog treats,Male,,,,,N/A,,,550000,5,11000000,1,550000,10,5500000,1,550000,10,,,,,550000,10,,,,,,,,,,,0,1,1,0,1,1,1,Matt Higgins,N/A
867,10,7-Oct-18,12-May-19,17,868,24-Mar-19,SilkRoll,Fashion/Beauty,SilkRoll - fashion trading platform,Mixed Team,,,,,N/A,,,250000,3,8333333,0,,,,,,,,,,,,,,,,,,,,,,,1,1,1,1,0,1,1,No Guest,N/A
868,10,7-Oct-18,12-May-19,17,869,24-Mar-19,PressWaffleCo.,Food and Beverage,Press Waffle Co. - waffle franchise,Male,,,,,N/A,,,200000,8,2500000,1,300000,15,2000000,1,300000,15,,,300000,15,,,,,,,,,,,,,1,1,1,1,0,1,1,No Guest,N/A
869,10,7-Oct-18,12-May-19,17,870,24-Mar-19,PickupPools,Automotive,Pickup Pools - pools for truck bed,Male,,,,,N/A,,,100000,25,400000,1,100000,33.3,300300,1,100000,33.3,,,,,100000,33.3,,,,,,,,,,,1,1,1,1,0,1,1,No Guest,N/A
870,10,7-Oct-18,12-May-19,17,871,24-Mar-19,Dare-U-GoBib,Children/Education,Dare-U-Go Bib - bib food container,Female,,,,,N/A,,,350000,10,3500000,1,350000,35,1000000,1,350000,35,,,350000,35,,,,,,,,,,,,,1,1,1,1,0,1,1,No Guest,N/A
871,10,7-Oct-18,12-May-19,18,872,7-Apr-19,NuchasEmpanada,Food and Beverage,Nuchas Empanada - empanada franchise,Male,,NY,,,N/A,,,2000000,8,25000000,0,,,,,,,,,,,,,,,,,,,,,,,1,1,1,0,1,1,1,No Guest,N/A
872,10,7-Oct-18,12-May-19,18,873,7-Apr-19,CertifiKID,Children/Education,CertifiKID - discount comany for family activities,Male,,,,,N/A,,,500000,6,8333333,0,,,,,,,,,,,,,,,,,,,,,,,1,1,1,0,1,1,1,No Guest,N/A
873,10,7-Oct-18,12-May-19,18,874,7-Apr-19,KangaKoozie,Lifestyle/Home,Kanga Koozie - cooler for cases,Male,,,,,N/A,,,100000,10,1000000,1,100000,20,500000,1,100000,20,,,,,100000,20,,,,,,,,,,,1,1,1,0,1,1,1,No Guest,N/A
874,10,7-Oct-18,12-May-19,18,875,7-Apr-19,HAVENLock,Lifestyle/Home,HAVEN Lock - door locks,Mixed Team,,,,,N/A,,,600000,8,7500000,1,600000,19,3157895,1,600000,19,,,,,,,,,,,,,600000,19,,,1,1,1,0,1,1,1,No Guest,N/A
875,10,7-Oct-18,12-May-19,19,876,14-Apr-19,Pricetitution,Media/Entertainment,Pricetitution - card game,Male,,,,,N/A,,,100000,20,500000,1,100000,40,250000,2,50000,20,,,50000,20,,,,,,,,,,,50000,20,1,1,1,0,0,1,1,Rohan Oza,N/A
876,10,7-Oct-18,12-May-19,19,877,14-Apr-19,LumaSoda,Food and Beverage,Luma Soda - soda,Male,,,,,N/A,,,500000,20,2500000,0,,,,,,,,,,,,,,,,,,,,,,,1,1,1,0,0,1,1,Rohan Oza,N/A
877,10,7-Oct-18,12-May-19,19,878,14-Apr-19,Hydroviv,Lifestyle/Home,Hydroviv - water filters,Male,,,,,N/A,,,400000,10,4000000,1,400000,20,2000000,1,400000,20,,,,,400000,20,,,,,,,,,,,1,1,1,0,0,1,1,Rohan Oza,N/A
878,10,7-Oct-18,12-May-19,19,879,14-Apr-19,Flip-It,Lifestyle/Home,Flip-It - caps for food products,Male,,,,,N/A,,,500000,10,5000000,0,,,,,,,,,,,,,,,,,,,,,,,1,1,1,0,0,1,1,Rohan Oza,N/A
879,10,7-Oct-18,12-May-19,20,880,21-Apr-18,Maven'sCreamery,Food and Beverage,Maven's Creamery - macaron ice cream sandwiches,Female,,,,,N/A,,,400000,10,4000000,1,400000,25,1600000,1,400000,25,,,400000,25,,,,,,,,,,,,,1,1,1,0,1,1,1,No Guest,N/A
880,10,7-Oct-18,12-May-19,20,881,21-Apr-18,Sapre,Business Services,Sapre - mobile ATM,Male,,,,,N/A,,,500000,3.5,14285714,1,500000,14,3571429,1,500000,14,,,,,500000,14,,,,,,,,,,,1,1,1,0,1,1,1,No Guest,N/A
881,10,7-Oct-18,12-May-19,20,882,21-Apr-18,Swoveralls,Fashion/Beauty,Swoveralls - sweat pants + overalls,Male,,,,,N/A,,,150000,15,1000000,0,,,,,,,,,,,,,,,,,,,,,,,1,1,1,0,1,1,1,No Guest,N/A
882,10,7-Oct-18,12-May-19,20,883,21-Apr-18,Somnifix,Health/Wellness,Somnifix - mouth tape,Male,,,,,N/A,,,500000,10,5000000,1,500000,20,2500000,1,500000,20,,,,,500000,20,,,,,,,,,,,1,1,1,0,1,1,1,No Guest,N/A
887,10,7-Oct-18,12-May-19,22,888,5-May-19,DeskView,Lifestyle/Home,DeskView - window-mounted standing desk,Male,,,,,N/A,,,150000,7.5,2000000,1,150000,20,750000,1,150000,20,,,,,,,,,,,,,150000,20,,,1,1,1,1,0,1,1,No Guest,N/A
888,10,7-Oct-18,12-May-19,22,889,5-May-19,Saucemoto,Automotive,Saucemoto - car sauce holder,Male,,,,,N/A,,,45000,15,300000,1,45000,25,180000,1,45000,25,,,,,,,,,45000,25,,,,,,,1,1,1,1,0,1,1,No Guest,N/A
889,10,7-Oct-18,12-May-19,22,890,5-May-19,DoughP,Food and Beverage,DoughP - cookie dough,Female,,CA,,,N/A,,,450000,10,4500000,0,,,,,,,,,,,,,,,,,,,,,,,1,1,1,1,0,1,1,No Guest,N/A
890,10,7-Oct-18,12-May-19,22,891,5-May-19,Cubicall,Lifestyle/Home,Cubicall - office privacy booth,Male,,,,,N/A,,,350000,10,3500000,1,350000,25,1400000,1,350000,25,,,350000,25,,,,,,,,,,,,,1,1,1,1,0,1,1,No Guest,N/A
899,11,29-Sep-19,15-May-20,2,900,6-Oct-19,BoostOxygen,Health/Wellness,Boost Oxygen - ,Male,,,,,N/A,,,1000000,5,20000000,1,1000000,6.25,16000000,1,1000000,6.25,,1,,,,,,,,,,,1000000,6.25,,,,,,,,,,No Guest,N/A
900,11,29-Sep-19,15-May-20,2,901,6-Oct-19,AtlasMonroe,Food and Beverage,Atlas Monroe - ,Mixed Team,,,,,N/A,,,500000,10,5000000,0,,,,,,,,,,,,,,,,,,,,,,,,,,,,,,No Guest,N/A
901,11,29-Sep-19,15-May-20,2,902,6-Oct-19,CircadianOptics,Health/Wellness,Circadian Optics - ,Female,,,,,N/A,,,750000,10,7500000,1,750000,20,3750000,2,375000,10,,,,,375000,10,375000,10,,,,,,,,,,,,,,,,No Guest,N/A
902,11,29-Sep-19,15-May-20,2,903,6-Oct-19,FaceYogaWithKoko,Health/Wellness,Face Yoga With Koko - ,Female,,,,,N/A,,,200000,20,1000000,0,,,,,,,,,,,,,,,,,,,,,,,,,,,,,,No Guest,N/A
907,11,29-Sep-19,15-May-20,4,908,20-Oct-19,Snacklins,Food and Beverage,Snacklins - ,Male,,,,,N/A,,,250000,2.5,10000000,1,250000,5,5000000,1,250000,5,,,,,250000,5,,,,,,,,,,,,,,,,,,No Guest,N/A
908,11,29-Sep-19,15-May-20,4,909,20-Oct-19,BugBiteThing,Health/Wellness,Bug Bite Thing - ,Female,,,,,N/A,,,150000,10,1500000,1,150000,10,1500000,1,150000,10,,,,,,,150000,10,,,,,,,,,,,,,,,,No Guest,N/A
909,11,29-Sep-19,15-May-20,4,910,20-Oct-19,PlopStar,Lifestyle/Home,Plop Star - ,Male,,,,,N/A,,,150000,10,1500000,0,,,,,,,,,,,,,,,,,,,,,,,,,,,,,,No Guest,N/A
910,11,29-Sep-19,15-May-20,4,911,20-Oct-19,KnifeAid,Business Services,Knife Aid - ,Male,,,,,N/A,,,400000,15,2666667,1,500000,20,2500000,2,250000,10,,,,,,,250000,10,,,,,,,250000,10,,,,,,,,No Guest,N/A
911,11,29-Sep-19,15-May-20,5,912,27-Oct-19,Golfkicks,Fashion/Beauty,Golfkicks - ,Male,,,,,N/A,,,300000,8,3750000,1,300000,13,2307692,1,300000,13,,,,,300000,13,,,,,,,,,,,,,,,,,,No Guest,N/A
912,11,29-Sep-19,15-May-20,5,913,27-Oct-19,Myostorm,Health/Wellness,Myostorm - ,Male,,,,,N/A,,,150000,10,1500000,1,150000,5,3000000,1,150000,5,1,,,,,,150000,5,,,,,,,,,,,,,,,,No Guest,N/A
913,11,29-Sep-19,15-May-20,5,914,27-Oct-19,TailgateNGo,Fitness/Sports/Outdoors,Tailgate N Go - ,Mixed Team,,,,,N/A,,,250000,10,2500000,1,250000,20,1250000,1,250000,20,1,,,,,,,,,,,,,,250000,20,,,,,,,,No Guest,N/A
914,11,29-Sep-19,15-May-20,5,915,27-Oct-19,NerditNow,Business Services,Nerdit Now - ,Male,,,,,N/A,,,150000,20,750000,0,,,,,,,,,,,,,,,,,,,,,,,,,,,,,,No Guest,N/A
915,11,29-Sep-19,15-May-20,6,916,3-Nov-19,EZCPak,Health/Wellness,EZC Pak - ,Male,,,,,N/A,,,125000,5,2500000,1,125000,5,2500000,1,125000,5,1,,,,,,,,,,,,125000,5,,,,,,,,,,No Guest,N/A
916,11,29-Sep-19,15-May-20,6,917,3-Nov-19,PiliHunters,Food and Beverage,Pili Hunters - ,Male,,,,,N/A,,,325000,10,3250000,0,,,,,,,,,,,,,,,,,,,,,,,,,,,,,,No Guest,N/A
917,11,29-Sep-19,15-May-20,6,918,3-Nov-19,Supply,Lifestyle/Home,Supply - ,Male,,,,,N/A,,,300000,10,3000000,1,300000,15,2000000,1,300000,15,,,,,,,,,300000,15,,,,,,,,,,,,,,No Guest,N/A
918,11,29-Sep-19,15-May-20,6,919,3-Nov-19,TheMeasuringShovel,Lifestyle/Home,The Measuring Shovel - ,Mixed Team,,,,,N/A,,,40000,15,266667,1,40000,30,133333,2,20000,15,,,,,,,20000,15,,,,,20000,15,,,,,,,,,,No Guest,N/A
919,11,29-Sep-19,15-May-20,7,920,10-Nov-19,TheYardMilkshakeBar,Food and Beverage,The Yard Milkshake Bar - ,Mixed Team,,,,,N/A,,,400000,10,4000000,1,400000,22,1818182,1,400000,22,,,,,400000,22,,,,,,,,,,,,,,,,,,No Guest,N/A
920,11,29-Sep-19,15-May-20,7,921,10-Nov-19,Baubles+Soles,Fashion/Beauty,Baubles + Soles - ,Mixed Team,,,,,N/A,,,150000,15,1000000,1,150000,25,600000,1,150000,25,,,,,,,,,,,150000,25,,,,,,,,,,,,No Guest,N/A
921,11,29-Sep-19,15-May-20,7,922,10-Nov-19,PeanutButterPump,Lifestyle/Home,Peanut Butter Pump - ,Male,,,,,N/A,,,200000,15,1333333,0,,,,,,,,,,,,,,,,,,,,,,,,,,,,,,No Guest,N/A
922,11,29-Sep-19,15-May-20,7,923,10-Nov-19,DogThreads,Pet Products,Dog Threads - ,Mixed Team,,,,,N/A,,,250000,17,1470588,1,250000,25,1000000,1,250000,25,,,,,250000,25,,,,,,,,,,,,,,,,,,No Guest,N/A
923,11,29-Sep-19,15-May-20,8,924,17-Nov-19,Gallant,Pet Products,Gallant - ,Male,,,,,N/A,,,500000,2,25000000,1,500000,5,10000000,2,250000,2.5,,,,,,,250000,2.5,,,,,,,250000,2.5,,,,,,,,No Guest,N/A
924,11,29-Sep-19,15-May-20,8,925,17-Nov-19,Outer,Lifestyle/Home,Outer - ,Male,,,,,N/A,,,750000,4,18750000,1,750000,5,15000000,1,750000,5,1,1,,,,,750000,5,,,,,,,,,,,,,,,,No Guest,N/A
925,11,29-Sep-19,15-May-20,8,926,17-Nov-19,Mrs.Goldfarb'sUnrealDeli,Food and Beverage,Mrs. Goldfarb's Unreal Deli - ,Female,,,,,N/A,,,100000,10,1000000,1,250000,20,1250000,1,250000,20,,,,,250000,20,,,,,,,,,,,,,,,,,,No Guest,N/A
926,11,29-Sep-19,15-May-20,8,927,17-Nov-19,Terra-CoreFitness,Fitness/Sports/Outdoors,Terra-Core Fitness - ,Mixed Team,,,,,N/A,,,300000,15,2000000,1,300000,22.5,1333333,1,300000,22.5,,,,,,,300000,22.5,,,,,,,,,,,,,,,,No Guest,N/A
927,11,29-Sep-19,15-May-20,9,928,1-Dec-19,KitLender,Business Services,Kit Lender - ,Male,,,,,N/A,,,200000,7,2857143,0,,,,,,,,,,,,,,,,,,,,,,,,,,,,,,No Guest,N/A
928,11,29-Sep-19,15-May-20,9,929,1-Dec-19,Beardaments,Business Services,Beardaments - ,Male,,,,,N/A,,,150000,10,1500000,1,150000,25,600000,1,150000,25,,,,,,,,,,,,,150000,25,,,,,,,,,,No Guest,N/A
929,11,29-Sep-19,15-May-20,9,930,1-Dec-19,EasyTreezy,Lifestyle/Home,Easy Treezy - ,Male,,,,,N/A,,,400000,10,4000000,0,,,,,,,,,,,,,,,,,,,,,,,,,,,,,,No Guest,N/A
930,11,29-Sep-19,15-May-20,9,931,1-Dec-19,LittleElfGiftWrapCutter,Lifestyle/Home,Little Elf Gift Wrap Cutter - ,Male,,,,,N/A,,,150000,15,1000000,1,150000,20,750000,1,150000,20,,,,,,,150000,20,,,,,,,,,,,,,,,,No Guest,N/A
931,11,29-Sep-19,15-May-20,10,932,5-Jan-20,Flexscreen,Lifestyle/Home,Flexscreen - ,Male,,,,,N/A,,,800000,6,13333333,1,400000,10,4000000,1,400000,10,,1,,,,,400000,10,,,,,,,,,,,,,,,,No Guest,N/A
932,11,29-Sep-19,15-May-20,10,933,5-Jan-20,FortressClothing,Fashion/Beauty,Fortress Clothing - ,Male,,,,,N/A,,,600000,15,4000000,0,,,,,,,,,,,,,,,,,,,,,,,,,,,,,,No Guest,N/A
933,11,29-Sep-19,15-May-20,10,934,5-Jan-20,SlumberPod,Children/Education,SlumberPod - ,Female,,,,,N/A,,,400000,20,2000000,1,400000,20,2000000,1,400000,20,,,400000,20,,,,,,,,,,,,,,,,,,,,No Guest,N/A
934,11,29-Sep-19,15-May-20,10,935,5-Jan-20,ZUUM,Fitness/Sports/Outdoors,ZUUM - ,Male,,,,,N/A,,,125000,20,625000,0,,,,,,,,,,,,,,,,,,,,,,,,,,,,,,No Guest,N/A
935,11,29-Sep-19,15-May-20,11,936,12-Jan-20,KreylEssence,Health/Wellness,Kreyl Essence - ,Mixed Team,,,,,N/A,,,400000,10,4000000,1,400000,5,8000000,1,400000,5,1,,,,,,,,,,,,400000,5,,,,,,,,,,No Guest,N/A
936,11,29-Sep-19,15-May-20,11,937,12-Jan-20,LoveSync,Business Services,LoveSync - ,Mixed Team,,,,,N/A,,,100000,10,1000000,0,,,,,,,,,,,,,,,,,,,,,,,,,,,,,,No Guest,N/A
937,11,29-Sep-19,15-May-20,11,938,12-Jan-20,WisePocketProducts,Fashion/Beauty,Wise Pocket Products - ,Female,,,,,N/A,,,30000,15,200000,1,35000,25,140000,2,17500,12.5,,,,,,,17500,12.5,,,17500,12.5,,,,,,,,,,,,No Guest,N/A
938,11,29-Sep-19,15-May-20,11,939,12-Jan-20,WannaDate?,Food and Beverage,Wanna Date? - ,Female,,,,,N/A,,,100000,20,500000,1,100000,33,303030,1,100000,33,,,,,100000,33,,,,,,,,,,,,,,,,,,No Guest,N/A
939,11,29-Sep-19,15-May-20,12,940,19-Jan-20,Ka-Pop!,Food and Beverage,Ka-Pop! - ,Male,,,,,N/A,,,350000,5,7000000,0,,,,,,,,,,,,,,,,,,,,,,,,,,,,,,No Guest,N/A
940,11,29-Sep-19,15-May-20,12,941,19-Jan-20,GeniusJuice,Food and Beverage,Genius Juice - ,Male,,,,,N/A,,,250000,7,3571429,1,500000,25,2000000,2,250000,12.5,,,250000,12.5,250000,12.5,,,,,,,,,,,,,,,,,,No Guest,N/A
941,11,29-Sep-19,15-May-20,12,942,19-Jan-20,"Ready,Set,Food!",Children/Education,"Ready, Set, Food! - ",Mixed Team,,,,,N/A,,,350000,7,5000000,1,350000,10,3500000,1,350000,10,,,,,350000,10,,,,,,,,,,,,,,,,,,No Guest,N/A
942,11,29-Sep-19,15-May-20,12,943,19-Jan-20,RapidRope,Fitness/Sports/Outdoors,Rapid Rope - ,Mixed Team,,,,,N/A,,,200000,20,1000000,1,200000,30,666667,1,200000,30,,,200000,30,,,,,,,,,,,,,,,,,,,,No Guest,N/A
943,11,29-Sep-19,15-May-20,13,944,28-Feb-20,Fur,Fashion/Beauty,Fur - ,Female,,,,,N/A,,,500000,2.5,20000000,1,500000,8,6250000,1,500000,8,,,,,,,500000,8,,,,,,,,,,,,,,,,No Guest,N/A
944,11,29-Sep-19,15-May-20,13,945,28-Feb-20,BalaBangles,Fitness/Sports/Outdoors,Bala Bangles - ,Mixed Team,,,,,N/A,,,400000,10,4000000,1,900000,30,3000000,2,450000,15,,,,,450000,15,,,,,,,,,450000,15,,,,,,,,No Guest,N/A
945,11,29-Sep-19,15-May-20,13,946,28-Feb-20,Pips&Bounce,Food and Beverage,Pips & Bounce - ,Male,,,,,N/A,,,500000,10,5000000,0,,,,,,,,,,,,,,,,,,,,,,,,,,,,,,No Guest,N/A
946,11,29-Sep-19,15-May-20,13,947,28-Feb-20,ShakeitPup,Food and Beverage,Shake it Pup - ,Male,,,,,N/A,,,100000,20,500000,1,100000,25,400000,1,100000,25,,,,,100000,25,,,,,,,,,,,,,,,,,,No Guest,N/A
947,11,29-Sep-19,15-May-20,14,948,6-Mar-20,BabyQuip,Business Services,BabyQuip - ,Mixed Team,,,,,N/A,,,500000,5,10000000,0,,,,,,,,,,,,,,,,,,,,,,,,,,,,,,No Guest,N/A
948,11,29-Sep-19,15-May-20,14,949,6-Mar-20,BiteToothpasteBits,Health/Wellness,Bite Toothpaste Bits - ,Mixed Team,,,,,N/A,,,325000,5,6500000,0,,,,,,,,,,,,,,,,,,,,,,,,,,,,,,No Guest,N/A
949,11,29-Sep-19,15-May-20,14,950,6-Mar-20,PairEyewear,Health/Wellness,Pair Eyewear - ,Mixed Team,,,,,N/A,,,400000,10,4000000,1,400000,10,400000,2,200000,5,1,,,,,,200000,5,,,,,,,200000,5,,,,,,,,No Guest,N/A
950,11,29-Sep-19,15-May-20,14,951,6-Mar-20,CoconutGirl,Food and Beverage,Coconut Girl - ,Female,,,,,N/A,,,180000,18,1000000,1,180000,20,900000,1,180000,20,,,,,180000,20,,,,,,,,,,,,,,,,,,No Guest,N/A
951,11,29-Sep-19,15-May-20,15,952,13-Mar-20,Swimply,Business Services,Swimply - ,Male,,,,,N/A,,,300000,5,6000000,0,,,,,,,,,,,,,,,,,,,,,,,,,,,,,,No Guest,N/A
952,11,29-Sep-19,15-May-20,15,953,13-Mar-20,KidsLuv,Food and Beverage,KidsLuv - ,Female,,,,,N/A,,,200000,8,2500000,0,,,,,,,,,,,,,,,,,,,,,,,,,,,,,,No Guest,N/A
953,11,29-Sep-19,15-May-20,15,954,13-Mar-20,Bertello,Lifestyle/Home,Bertello - ,Male,,,,,N/A,,,120000,10,1200000,1,120000,25,480000,1,120000,25,,,,,,,,,,,,,120000,25,,,,,,,,,,No Guest,N/A
954,11,29-Sep-19,15-May-20,15,955,13-Mar-20,TheSpaceTraveler,Children/Education,The Space Traveler - ,Female,,,,,N/A,,,100000,33.3,300300,1,100000,33.3,300300,1,100000,33.3,1,,100000,33.3,,,,,,,,,,,,,,,,,,,,No Guest,N/A
955,11,29-Sep-19,15-May-20,16,956,20-Mar-20,Bohana,Food and Beverage,Bohana - ,Female,,,,,N/A,,,200000,10,2000000,1,200000,8,1840000,1,200000,8,,1,,,,,,,,,,,200000,8,,,,,,,,,,No Guest,N/A
956,11,29-Sep-19,15-May-20,16,957,20-Mar-20,BohoCamperVans,Fitness/Sports/Outdoors,Boho Camper Vans - ,Male,,,,,N/A,,,300000,10,3000000,1,150000,10,1500000,1,150000,10,,1,150000,10,,,,,,,,,,,,,,,,,,,,No Guest,N/A
957,11,29-Sep-19,15-May-20,16,958,20-Mar-20,Grouphug,Lifestyle/Home,Grouphug - ,Female,,,,,N/A,,,150000,10,1500000,1,150000,25,600000,1,150000,25,,,,,150000,25,,,,,,,,,,,,,,,,,,No Guest,N/A
958,11,29-Sep-19,15-May-20,16,959,20-Mar-20,SafetyNailer,Lifestyle/Home,Safety Nailer - ,Male,,,,,N/A,,,100000,14,714286,1,100000,33,303030,3,33333.33333,11,,,,,33333.33333,11,33333.33333,11,,,,,,,33333.33333,11,,,,,,,,No Guest,N/A
959,11,29-Sep-19,15-May-20,17,960,27-Mar-20,Goumi,Children/Education,Goumi - ,Female,,,,,N/A,,,1000000,8,12500000,1,1000000,10,11250000,1,1000000,10,,1,,,,,,,,,,,1000000,10,,,,,,,,,,No Guest,N/A
960,11,29-Sep-19,15-May-20,17,961,27-Mar-20,PastabyHudson,Business Services,Pasta by Hudson - ,Male,,,,,N/A,,,150000,10,1500000,1,150000,30,500000,2,75000,15,,,,,75000,15,75000,15,,,,,,,,,,,,,,,,No Guest,N/A
961,11,29-Sep-19,15-May-20,17,962,27-Mar-20,CritterPricker,Lifestyle/Home,Critter Pricker - ,Male,,,,,N/A,,,115000,15,766667,1,115000,15,766667,1,115000,15,1,,,,,,,,,,,,115000,15,,,,,,,,,,No Guest,N/A
962,11,29-Sep-19,15-May-20,17,963,27-Mar-20,TheFrozenFarmer,Food and Beverage,The Frozen Farmer - ,Female,,,,,N/A,,,125000,20,625000,1,125000,30,416667,1,125000,30,,,,,,,125000,30,,,,,,,,,,,,,,,,No Guest,N/A
963,11,29-Sep-19,15-May-20,18,964,3-Apr-20,BadBirdie,Fashion/Beauty,Bad Birdie - ,Male,,,,,N/A,,,300000,10,3000000,1,300000,20,1500000,1,300000,20,,,,,,,,,300000,20,,,,,,,,,,,,,,No Guest,N/A
964,11,29-Sep-19,15-May-20,18,965,3-Apr-20,Beddley,Lifestyle/Home,Beddley - ,Female,,,,,N/A,,,150000,10,1500000,0,,,,,,,,,,,,,,,,,,,,,,,,,,,,,,No Guest,N/A
965,11,29-Sep-19,15-May-20,18,966,3-Apr-20,Muvez,Fashion/Beauty,Muvez - ,Male,,,,,N/A,,,200000,15,1333333,1,200000,25,800000,1,200000,25,,,,,,,,,,,200000,25,,,,,,,,,,,,No Guest,N/A
966,11,29-Sep-19,15-May-20,18,967,3-Apr-20,PrepWellAcademy,Business Services,PrepWell Academy - ,Male,,,,,N/A,,,100000,20,500000,0,,,,,,,,,,,,,,,,,,,,,,,,,,,,,,No Guest,N/A
967,11,29-Sep-19,15-May-20,19,968,10-Apr-20,JustTheCheese,Food and Beverage,Just The Cheese - ,Male,,,,,N/A,,,500000,5,10000000,0,,,,,,,,,,,,,,,,,,,,,,,,,,,,,,No Guest,N/A
968,11,29-Sep-19,15-May-20,19,969,10-Apr-20,Neuro,Food and Beverage,Neuro - ,Male,,,,,N/A,,,750000,5,15000000,0,,,,,,,,,,,,,,,,,,,,,,,,,,,,,,No Guest,N/A
969,11,29-Sep-19,15-May-20,19,970,10-Apr-20,FirstSaturdayLime,Lifestyle/Home,First Saturday Lime - ,Mixed Team,,,,,N/A,,,100000,10,1000000,1,100000,25,400000,1,100000,25,,,,,,,,,,,,,100000,25,,,,,,,,,,No Guest,N/A
970,11,29-Sep-19,15-May-20,19,971,10-Apr-20,SeriouslySlime,Children/Education,Seriously Slime - ,Female,,,,,N/A,,,90000,15,600000,0,,,,,,,,,,,,,,,,,,,,,,,,,,,,,,No Guest,N/A
975,11,29-Sep-19,15-May-20,21,976,6-May-20,Proven,Health/Wellness,Proven - ,Female,,,,,N/A,,,500000,5,10000000,0,,,,,,,,,,,,,,,,,,,,,,,,,,,,,,No Guest,N/A
976,11,29-Sep-19,15-May-20,21,977,6-May-20,Tanoshi,Software/Tech,Tanoshi - ,Male,,,,,N/A,,,500000,8,6250000,1,500000,20,2500000,1,500000,20,,,,,,,,,,,500000,20,,,,,,,,,,,,No Guest,N/A
977,11,29-Sep-19,15-May-20,21,978,6-May-20,UnbuckleMe,Lifestyle/Home,UnbuckleMe - ,Female,,,,,N/A,,,100000,10,1000000,1,100000,20,500000,2,50000,10,,,,,50000,10,50000,10,,,,,,,,,,,,,,,,No Guest,N/A
978,11,29-Sep-19,15-May-20,21,979,6-May-20,VanRobotics,Software/Tech,Van Robotics - ,Female,,,,,N/A,,,300000,10,3000000,0,,,,,,,,,,,,,,,,,,,,,,,,,,,,,,No Guest,N/A
979,11,29-Sep-19,15-May-20,22,980,8-May-20,LordVonSchmitt,Fashion/Beauty,Lord Von Schmitt - ,Male,,,,,N/A,,,100000,10,1000000,0,,,,,,,,,,,,,,,,,,,,,,,,,,,,,,No Guest,N/A
980,11,29-Sep-19,15-May-20,22,981,8-May-20,PottySafe,Children/Education,Potty Safe - ,Mixed Team,,,,,N/A,,,50000,15,333333,1,50000,20,250000,1,50000,20,,,,,,,50000,20,,,,,,,,,,,,,,,,No Guest,N/A
981,11,29-Sep-19,15-May-20,22,982,8-May-20,ToughTie,Fashion/Beauty,Tough Tie - ,Male,,,,,N/A,,,100000,15,666667,1,100000,35,285714,1,100000,35,,,,,,,,,100000,35,,,,,,,,,,,,,,No Guest,N/A
982,11,29-Sep-19,15-May-20,22,983,8-May-20,DadWare,Fashion/Beauty,DadWare - ,Male,,,,,N/A,,,100000,20,500000,0,,,,,,,,,,,,,,,,,,,,,,,,,,,,,,No Guest,N/A
983,11,29-Sep-19,15-May-20,23,984,13-May-20,Salted,Business Services,Salted - ,Male,,,,,N/A,,,500000,5,10000000,0,,,,,,,,,,,,,,,,,,,,,,,,,,,,,,No Guest,N/A
984,11,29-Sep-19,15-May-20,23,985,13-May-20,MCSquares,Lifestyle/Home,MC Squares - ,Male,,,,,N/A,,,300000,10,3000000,1,300000,25,1200000,1,300000,25,,,,,,,,,,,,,300000,25,,,,,,,,,,No Guest,N/A
985,11,29-Sep-19,15-May-20,23,986,13-May-20,SlateChocolateMilk,Food and Beverage,Slate Chocolate Milk - ,Male,,,,,N/A,,,400000,10,4000000,0,,,,,,,,,,,,,,,,,,,,,,,,,,,,,,No Guest,N/A
986,11,29-Sep-19,15-May-20,23,987,13-May-20,RescueReady,Lifestyle/Home,Rescue Ready - ,Male,,,,,N/A,,,75000,15,500000,0,,,,,,,,,,,,,,,,,,,,,,,,,,,,,,No Guest,N/A
995,12,16-Oct-20,21-May-21,2,996,23-Oct-20,BootayBag,Lifestyle/Home,Subscription underwear service for women,Female,,,Middle,Elly Gheno,https://bootaybag.com/,0,3.9,500000,5,10000000,1,500000,10,5000000,1,500000,10,,,,,,,,,,,,,,,500000,10,,,,,,,,Kendra Scott,N/A
996,12,16-Oct-20,21-May-21,2,997,23-Oct-20,GoOats,Food and Beverage,Oatmeal in a ball,Male,,,Middle,Nahum Jeannot,www.gooats.life,0,3.9,150000,10,1500000,1,150000,20,750000,1,150000,20,,,150000,20,,,,,,,,,,,,,,,,,,,,No Guest,N/A
997,12,16-Oct-20,21-May-21,2,998,23-Oct-20,PoochPaper,Lifestyle/Home,"biodegradable, compostable, paper alternative to plastic",Female,,,Middle,Tracy Rosensteel,www.poochpaper.com,0,3.9,250000,12,2083333,1,250000,0,0,1,250000,0,1,,,,,,,,,,,,250000,0,,,,,,,,,,No Guest,N/A
998,12,16-Oct-20,21-May-21,2,999,23-Oct-20,PNuffCrunch,Food and Beverage,"non-gmo, plant-based, puffed peanut snack",,,,,Juan Salinas,www.pnuff.com,,3.9,300000,10,3000000,1,400000,25,1600000,1,400000,25,,,,,400000,25,,,,,,,,,,,,,,,,,,No Guest,N/A
999,12,16-Oct-20,21-May-21,3,1000,30-Oct-20,HugSleep,Lifestyle/Home,wearable blanket,Mixed Team,,,Middle,Angie Kupper and Matt Mundt,hugsleep.com,1,4.42,150000,10,1500000,1,300000,20,1500000,2,150000,10,,,,,150000,10,150000,10,,,,,,,,,,,,,,,,No Guest,N/A
1000,12,16-Oct-20,21-May-21,3,1001,30-Oct-20,AnimatedLure,Lifestyle/Home,Rechargeable robotic lure,,,,,Sobhan Kanaee and Kanz Kayfan,N/A,1,4.42,325000,10,3250000,1,325000,10,3250000,1,325000,10,1,,,,,,,,,,,,325000,10,,,,,,,,,,No Guest,N/A
1001,12,16-Oct-20,21-May-21,3,1002,30-Oct-20,TheCerealKillerzKitchen,Food and Beverage,Retail focused cereal-bar,Mixed Team,,,,Jessica and Chris Burns,N/A,1,4.42,125000,10,1250000,0,,,,,,,,,,,,,,,,,,,,,,,,,,,,,,No Guest,N/A
1002,12,16-Oct-20,21-May-21,3,1003,30-Oct-20,Chirp,Fitness/Sports/Outdoors,Exercise wheel for back pain relief,Male,,,Middle,Tate Stock,gochirp.com,0,4.42,900000,2,45000000,1,900000,2.5,36000000,1,900000,2.5,,,,,,,900000,2.5,,,,,,,,,,,,,,,,No Guest,N/A
1003,12,16-Oct-20,21-May-21,4,1004,6-Nov-20,JadaSpices,Food and Beverage,"plant-based, vegan chicken salt and spices",Male,,,Middle,Khasha Touloei and Maynard Okereke,www.jadabrands.com,1,2.31,250000,20,1250000,1,250000,33,757576,1,250000,33,,,250000,33,,,,,,,,,,,,,,,,,,,,No Guest,N/A
1004,12,16-Oct-20,21-May-21,4,1005,6-Nov-20,SurpriseCake,Food and Beverage,Surprise gifts inside of a cake,,,,,Jordan Long and Liz Charm,surprisecake.com,1,2.31,200000,8,2500000,0,,,,,,,,,,,,,,,,,,,,,,,,,,,,,,No Guest,N/A
1005,12,16-Oct-20,21-May-21,4,1006,6-Nov-20,TheMightyCarver,Lifestyle/Home,Carving knife that looks like a chainsaw,Mixed Team,,,Middle,Lance Burney and Kim Burney,mightycarver.com,1,2.31,100000,20,500000,1,100000,25,400000,1,100000,25,,,,,,,,,,,100000,25,,,,,,,,,,,,No Guest,N/A
1006,12,16-Oct-20,21-May-21,4,1007,6-Nov-20,Flipstik,Electronics,Stick your phone anywhere,Male,,,Middle,Akeem Shannon,www.getflipstik.com,0,2.31,100000,20,500000,1,100000,25,400000,1,100000,25,,,,,,,100000,25,,,,,,,,,,,,,,,,No Guest,N/A
1007,12,16-Oct-20,21-May-21,5,1008,13-Nov-20,Fitfighter,Fitness/Sports/Outdoors,Weighted exercise hose,Female,,,Middle,Sarah Apgar,N/A,0,4.55,250000,15,1666667,1,250000,25,1000000,1,250000,25,,,,,,,,,,,,,,,250000,25,,,,,,,,Daniel Lubetzsky,N/A
1008,12,16-Oct-20,21-May-21,5,1009,13-Nov-20,LiftidNeurostimulation,Health/Wellness,Transcranial neuro-stimulation device for improving focus,Mixed Team,,,Old,Ken Davidov and Alyson Davidov,www.getliftid.com,1,4.55,200000,10,2000000,0,,,,,,,,,,,,,,,,,,,,,,,,,,,,,,No Guest,N/A
1009,12,16-Oct-20,21-May-21,5,1010,13-Nov-20,FoamPartyHats,Fashion/Beauty,Custom-designed foam hats,Mixed Team,,,Middle,Manuel and Grace Rojas,foampartyhats.com,1,4.55,100000,15,666667,1,100000,25,400000,2,50000,12.5,,,,,50000,12.5,50000,12.5,,,,,,,,,,,,,,,,No Guest,N/A
1010,12,16-Oct-20,21-May-21,5,1011,13-Nov-20,BeeD'Vine,Food and Beverage,"sustainably produced, barrel-aged honey wine",Male,,,Middle,Ayele Solomon,N/A,0,4.55,750000,20,3750000,1,750000,40,1875000,4,187500,10,,,,,187500,10,187500,10,187500,10,,,,,187500,10,,,,,,,,Daniel Lubetzky,N/A
1015,13,8-Oct-21,20-May-22,2,1016,15-Oct-21,Songlorious,Lifestyle/Home,Personalized songs for any occasion,Mixed Team,,,Middle,Ellen Hodges and Omayya Atout,songlorious.com,1,3.58,400000,10,4000000,1,500000,40,1250000,4,125000,10,,,,,125000,10,,,,,125000,10,125000,10,125000,10,,,,,,,,Peter Jones,N/A
1016,13,8-Oct-21,20-May-22,2,1017,15-Oct-21,MuteMe,Electronics,Illuminated mute buttons for conference calls,Male,,,Middle,Parm Dhoot and Tye Davis,N/A,1,3.58,200000,10,2000000,0,,,,,,,,,,,,,,,,,,,,,,,,,,,,,,No Guest,N/A
1017,13,8-Oct-21,20-May-22,2,1018,15-Oct-21,ProperGood,Food and Beverage,"Meal order service with natural, healthy soups",Mixed Team,,,Middle,Christopher and Jennifer Jane,N/A,1,3.58,400000,10,4000000,1,400000,20,2000000,1,400000,20,,,,,400000,20,,,,,,,,,,,,,,,,,,No Guest,N/A
1018,13,8-Oct-21,20-May-22,2,1019,15-Oct-21,LongWharf,Fashion/Beauty,Recycled oyster shell sweaters,Mixed Team,,,Middle,Lauren Lamagna and Mike Lamagna,N/A,1,3.58,375000,15,2500000,0,,,,,,,,,,,,,,,,,,,,,,,,,,,,,,No Guest,N/A
1019,13,8-Oct-21,20-May-22,3,1020,22-Oct-21,Sparketh,Children/Education,Online art education for kids and teens,,,,,Dwayne Walker and Tim Samuel,N/A,1,3.55,100000,8,1250000,1,100000,20,500000,2,50000,10,,,50000,10,,,,,,,,,,,50000,10,,,,,,,,Daniel Lubetzky,N/A
1020,13,8-Oct-21,20-May-22,3,1021,22-Oct-21,OatHaus,Food and Beverage,Oat butter spreads,Mixed Team,,,Middle,"Eric Katz, Ali Bonar, and Ari Schraer",N/A,1,3.55,375000,5,7500000,0,,,,,,,,,,,,,,,,,,,,,,,,,,,,,,No Guest,N/A
1021,13,8-Oct-21,20-May-22,3,1022,22-Oct-21,FlaskyFlowers,Lifestyle/Home,Flower bouquets with flasks inside,Mixed Team,,,Middle,Ryan Moynihan and Kelly Moynihan,N/A,1,3.55,50000,10,500000,1,75000,30,250000,3,25000,10,,,,,25000,10,25000,10,,,,,25000,10,,,,,,,,,,No Guest,N/A
1022,13,8-Oct-21,20-May-22,3,1023,22-Oct-21,IncredibleEats,Food and Beverage,IncrEdible Spoons Edible straws and utensils,Male,,,Young,Dinesh Tadepalli,N/A,0,3.55,500000,7,7142857,1,500000,15,3333333,1,500000,15,,,,,,,500000,15,,,,,,,,,,,,,,,,No Guest,N/A
1023,13,8-Oct-21,20-May-22,4,1024,29-Oct-21,Magic5,Lifestyle/Home,Custom swim goggles,Male,,,Middle,Bo Haaber and Rasmus Barfred,themagic5.com,1,3.8,500000,2.5,20000000,1,1000000,6.5,15384615,1,1000000,6.5,,,,,,,,,1000000,6.5,,,,,,,,,,,,,,No Guest,N/A
1024,13,8-Oct-21,20-May-22,4,1025,29-Oct-21,Tabby,Software/Tech,Dating app for cat people,Mixed Team,,,Middle,"Nathan Kehn, Sterling Davis, and Leigh Isaacson",tabbydates.com,1,3.8,300000,20,1500000,1,300000,30,1000000,1,300000,30,,,,,,,,,,,,,300000,30,,,,,,,,,,No Guest,N/A
1025,13,8-Oct-21,20-May-22,4,1026,29-Oct-21,SoaPen,Lifestyle/Home,Soap pen,Female,,,Young,Amanat Anand and Shubham Issar,soapen.com,1,3.8,100000,10,1000000,1,100000,10,1000000,1,100000,10,1,,,,,,,,,,,,,,100000,10,,,,,,,,Nirav Tolia,N/A
1026,13,8-Oct-21,20-May-22,4,1027,29-Oct-21,54 Thrones,Fashion/Beauty,African shea butter,Female,,,Young,Christina Tegbe,54thrones.com,0,3.8,250000,10,2500000,1,250000,17.5,1428571,2,125000,8.75,,,,,,,,,,,,,125000,8.75,125000,8.75,,,,,,,,Nirav Tolia,N/A
1027,13,8-Oct-21,20-May-22,5,1028,5-Nov-21,Wedfuly,Software/Tech,virtual weddings app,Female,,,Middle,Carolyn Creidenberg,N/A,0,3.95,200000,5,4000000,1,200000,10,2000000,1,200000,10,,,,,,,,,200000,10,,,,,,,,,,,,,,No Guest,N/A
1028,13,8-Oct-21,20-May-22,5,1029,5-Nov-21,Wad-Free,Lifestyle/Home,wad preventer for washing machines,Female,,,Middle,Cyndi Bray,wadfree.com,0,3.95,200000,5,4000000,1,200000,10,2000000,1,200000,10,1,,,,,,,,,,,,200000,10,,,,,,,,,,No Guest,N/A
1029,13,8-Oct-21,20-May-22,5,1030,5-Nov-21,Beulr,Software/Tech,Bot that attends and records Zoom meetings,Male,,,Young,Peter Solimine,beulr.com,0,3.95,150000,20,750000,0,,,,,,,,,,,,,,,,,,,,,,,,,,,,,,No Guest,N/A
1030,13,8-Oct-21,20-May-22,5,1031,5-Nov-21,Spergo,Fashion/Beauty,Inspirational clothing line,Mixed Team,,,Middle,Trey Brown and Sherell Peterson,spergo.com,1,3.95,300000,10,3000000,1,300000,20,1500000,1,300000,20,,,,,,,,,,,300000,20,,,,,,,,,,,,No Guest,N/A
