,season_number,episode_number,pitch_number,original_air_date,startup_name,pitchers_gender,pitchers_city,pitchers_state,pitchers_average_age,entrepreneur_names,company_website,multiple_entrepreneurs,us_viewership,original_ask_amount,original_offered_equity,valuation_requested,got_deal,total_deal_amount,total_deal_equity,deal_valuation,number_of_sharks_in_deal,investment_amount_per_shark,equity_per_shark,royalty_deal,loan,barbara_investment_amount,barbara_investment_equity,mark_investment_amount,mark_investment_equity,lori_investment_amount,lori_investment_equity,robert_investment_amount,robert_investment_equity,daymond_investment_amount,daymond_investment_equity,kevin_investment_amount,kevin_investment_equity,guest_investment_amount,guest_investment_equity,barbara_present,mark_present,lori_present,robert_present,daymond_present,kevin_present,kevin_h_present,guest_name,notes
495,7,1,496,2015-09-25,TheBeebo,Male,,,,,,0,6.08,200000,20,1000000,1,200000,30,666667,2,100000,15,,,100000,15,,,,,,,,,,,100000,15,0,1,1,1,0,1,1,Ashton Kutcher,Guest shark - Ashton Kutcher
496,7,1,497,2015-09-25,Acton,Male,,,,,,0,6.08,1000000,3.5,28571429,0,,,,,,,,,,,,,,,,,,,,,,,0,1,1,1,0,1,1,Ashton Kutcher,N/A
497,7,1,498,2015-09-25,McClaryBrothersDrinkingVinegars,Female,,,,,,0,6.08,100000,15,666667,0,,,,,,,,,,,,,,,,,,,,,,,0,1,1,1,0,1,1,Ashton Kutcher,N/A
498,7,1,499,2015-09-25,SignalVault,Male,,,,,,0,6.08,200000,12.5,1600000,1,200000,25,800000,2,100000,12.5,,,,,,,100000,12.5,100000,12.5,,,,,,,0,1,1,1,0,1,1,Ashton Kutcher,N/A
499,7,2,500,2015-10-02,O'DangHummus,Male,,,,,,0,6.82,50000,10,500000,1,50000,20,250000,2,25000,10,,,,,,,25000,10,25000,10,,,,,,,1,1,1,1,0,1,1,No Guest,N/A
500,7,2,501,2015-10-02,Splikity,Male,,,,,,1,6.82,200000,10,2000000,0,,,,,,,,,,,,,,,,,,,,,,,1,1,1,1,0,1,1,No Guest,N/A
501,7,2,502,2015-10-02,MikkiBey,Female,,,,,,0,6.82,300000,20,1500000,0,,,,,,,,,,,,,,,,,,,,,,,1,1,1,1,0,1,1,No Guest,N/A
502,7,2,503,2015-10-02,Loliware,Female,,,,,,1,6.82,150000,10,1500000,1,600000,25,2400000,2,300000,12.5,,,300000,12.5,300000,12.5,,,,,,,,,,,1,1,1,1,0,1,1,No Guest,N/A
503,7,3,504,2015-10-09,FootCardigan,Male,,,,,,1,5.84,250000,10,2500000,1,250000,20,1250000,2,125000,10,,,,,125000,10,,,,,,,,,125000,10,0,1,1,0,1,1,1,Troy Carter,Troy Carter
504,7,3,505,2015-10-09,ValPark,Male,,,,,,0,5.84,300000,20,1500000,0,,,,,,,,,,,,,,,,,,,,,,,0,1,1,0,1,1,1,Troy Carter,N/A
505,7,3,506,2015-10-09,TheTwoGuysBowtieCompany,Male,,,,,,1,5.84,150000,10,1500000,1,150000,17.5,857143,2,75000,8.75,1,,,,,,,,,,75000,8.75,,,75000,8.75,0,1,1,0,1,1,1,Troy Carter,10% royalty until $150K is repaid
506,7,3,507,2015-10-09,Nerdwax,Mixed Team,,,,,,1,5.84,80000,20,400000,0,,,,,,,,,,,,,,,,,,,,,,,0,1,1,0,1,1,1,Troy Carter,N/A
507,7,4,508,2015-10-16,Table87,Male,,,,,,0,5.85,200000,10,2000000,1,250000,20,1250000,1,250000,20,,,,,,,250000,20,,,,,,,,,1,1,1,1,0,1,1,No Guest,N/A
508,7,4,509,2015-10-16,EZPeeZ,Male,,,,Brian Kleinschmidt,www.ezpeez.com,0,5.85,50000,15,333333,0,,,,,,,,,,,,,,,,,,,,,,,1,1,1,1,0,1,1,No Guest,N/A
509,7,4,510,2015-10-16,Milk+Brookies,Mixed Team,,,,,,1,5.85,100000,20,500000,0,,,,,,,,,,,,,,,,,,,,,,,1,1,1,1,0,1,1,No Guest,N/A
510,7,4,511,2015-10-16,DudeWipes,Male,,,,,,1,5.85,300000,10,3000000,1,300000,25,1200000,1,300000,25,,,,,300000,25,,,,,,,,,,,1,1,1,1,0,1,1,No Guest,N/A
511,7,5,512,2015-10-23,ThreeJerksJerky,Male,,,,,,1,6.36,100000,15,666667,1,100000,15,666667,1,100000,15,,,,,,,,,,,100000,15,,,,,0,1,1,1,1,1,1,No Guest,with option to buy another 15% for 100K
512,7,5,513,2015-10-23,TheSkinnyMirror,Female,,,,,,0,6.36,200000,20,1000000,0,,,,,,,,,,,,,,,,,,,,,,,0,1,1,1,1,1,1,No Guest,N/A
513,7,5,514,2015-10-23,SwitchWitch,Mixed Team,,,,,,1,6.36,55000,25,220000,0,,,,,,,,,,,,,,,,,,,,,,,0,1,1,1,1,1,1,No Guest,N/A
514,7,5,515,2015-10-23,XCraft,Male,,,,,,1,6.36,500000,20,2500000,1,1500000,25,6000000,5,300000,5,,,,,300000,5,300000,5,300000,5,300000,5,300000,5,,,0,1,1,1,1,1,1,No Guest,N/A
515,7,6,516,2015-10-30,RentLikeAChampion,Male,,,,,,1,6.16,200000,10,2000000,1,200000,10,2000000,2,100000,5,,,,,100000,5,,,,,,,,,100000,5,0,1,1,1,0,1,1,Chris Sacca,Chris Sacca as guest shark
516,7,6,517,2015-10-30,Hotshot,Male,,,,,,0,6.16,300000,10,3000000,0,,,,,,,,,,,,,,,,,,,,,,,0,1,1,1,0,1,1,Chris Sacca,N/A
517,7,6,518,2015-10-30,Windcatcher,Male,,,,,,0,6.16,200000,8,2500000,1,200000,5,4000000,1,200000,5,,,,,,,200000,5,,,,,,,,,0,1,1,1,0,1,1,Chris Sacca,Plus she'll fund purchase orders
518,7,6,519,2015-10-30,StemCenterUSA,Female,,,,,,1,6.16,150000,15,1000000,1,200000,20,1000000,1,200000,20,,,,,,,200000,20,,,,,,,,,0,1,1,1,0,1,1,Chris Sacca,N/A
519,7,7,520,2015-11-06,WinkFrozenDesserts,Mixed Team,,,,,,1,6.71,300000,15,2000000,0,,,,,,,,,,,,,,,,,,,,,,,1,1,1,1,0,1,1,No Guest,N/A
520,7,7,521,2015-11-06,SavvyNaturals,Mixed Team,,,,,,1,6.71,200000,10,2000000,1,200000,40,500000,1,200000,40,,1,200000,40,,,,,,,,,,,,,1,1,1,1,0,1,1,No Guest,100K of investment is actually line of credit for funding POs
521,7,7,522,2015-11-06,CleanCube,Male,,,,,,1,6.71,300000,10,3000000,0,,,,,,,,,,,,,,,,,,,,,,,1,1,1,1,0,1,1,No Guest,N/A
522,7,7,523,2015-11-06,SimplyFitBoard,Female,,,,,,1,6.71,125000,15,833333,1,125000,20,625000,2,62500,10,,,,,,,62500,10,,,,,62500,10,,,1,1,1,1,0,1,1,No Guest,Will also fund purchase orders
523,7,8,524,2015-11-13,AFreshSheet,Male,,,,,,0,6.14,100000,20,500000,0,,,,,,,,,,,,,,,,,,,,,,,0,1,1,1,1,1,1,No Guest,N/A
524,7,8,525,2015-11-13,Unshrinkit,Mixed Team,,,,,,1,6.14,150000,10,1500000,1,150000,15,1000000,1,150000,15,,,,,150000,15,,,,,,,,,,,0,1,1,1,1,1,1,No Guest,N/A
525,7,8,526,2015-11-13,GripClean,Male,,,,,,0,6.14,85000,20,425000,1,85000,35,242857,1,85000,35,,,,,,,85000,35,,,,,,,,,0,1,1,1,1,1,1,No Guest,N/A
526,7,8,527,2015-11-13,PolarPro,Male,,,,,,0,6.14,500000,10,5000000,1,1000000,20,5000000,2,500000,10,,,,,500000,10,,,500000,10,,,,,,,0,1,1,1,1,1,1,No Guest,N/A
527,7,9,528,2015-11-20,AdvancedSportsTechnology,Male,,,,,,0,6.9,160000,10,1600000,0,,,,,,,,,,,,,,,,,,,,,,,0,1,1,1,1,1,1,No Guest,N/A
528,7,9,529,2015-11-20,BraziBites,Mixed Team,,,,,,1,6.9,200000,10,2000000,1,200000,16.5,1212121,1,200000,16.5,,,,,,,200000,16.5,,,,,,,,,0,1,1,1,1,1,1,No Guest,N/A
529,7,9,530,2015-11-20,Umano,Male,,,,,,1,6.9,150000,15,1000000,1,150000,20,750000,2,75000,10,,,,,75000,10,75000,10,,,,,,,,,0,1,1,1,1,1,1,No Guest,N/A
530,7,9,531,2015-11-20,SockTabs,Mixed Team,,,,,,1,6.9,50000,20,250000,1,50000,30,166667,1,50000,30,,,,,,,,,,,50000,30,,,,,0,1,1,1,1,1,1,No Guest,N/A
531,7,10,532,2015-12-04,LeauxRacingTrikes,Male,,,,,,0,6.16,120000,20,600000,0,,,,,,,,,,,,,,,,,,,,,,,1,1,1,1,0,1,1,No Guest,N/A
532,7,10,533,2015-12-04,GlowRecipe,Female,,,,,,1,6.16,425000,10,4250000,1,425000,25,1700000,1,425000,25,,,,,,,,,425000,25,,,,,,,1,1,1,1,0,1,1,No Guest,N/A
533,7,10,534,2015-12-04,SarahOliverHandbags,Female,,,,,,0,6.16,250000,20,1250000,1,250000,30,833333,3,83333.33333,10,,,,,,,83333.33333,10,83333.33333,10,,,83333.33333,10,,,1,1,1,1,0,1,1,No Guest,N/A
534,7,10,535,2015-12-04,Trunkster,Male,,,,,,1,6.16,1400000,5,28000000,1,1400000,5,28000000,2,700000,2.5,1,,,,700000,2.5,700000,2.5,,,,,,,,,1,1,1,1,0,1,1,No Guest,"Pay back the investment in full w/in 24 months or equity goes to 10%, plus $1 royalty"
535,7,11,536,2015-12-11,GeekMyTree,Male,,,,,,0,6,225000,25,900000,1,225000,50,450000,1,225000,50,,,,,,,,,,,,,225000,50,,,1,1,1,1,0,1,1,No Guest,N/A
536,7,11,537,2015-12-11,BeardHead,Male,,,,,,0,6,250000,25,1000000,0,,,,,,,,,,,,,,,,,,,,,,,1,1,1,1,0,1,1,No Guest,N/A
537,7,11,538,2015-12-11,Lovepop,Male,,,,,,1,6,300000,10,3000000,1,300000,15,2000000,1,300000,15,,,,,,,,,,,,,300000,15,,,1,1,1,1,0,1,1,No Guest,N/A
538,7,11,539,2015-12-11,PiperWai,Female,,,,,,1,6,50000,10,500000,1,50000,25,200000,1,50000,25,,,50000,25,,,,,,,,,,,,,1,1,1,1,0,1,1,No Guest,N/A
539,7,12,540,2016-01-05,AbsProteinPancakes,Mixed Team,,,,,,1,4.32,120000,40,300000,1,120000,42,285714,1,120000,42,,,,,,,,,,,120000,42,,,,,0,1,1,1,1,1,1,No Guest,N/A
540,7,12,541,2016-01-05,ExtremeSandbox,Male,,,,,,0,4.32,150000,15,1000000,1,150000,20,750000,2,75000,10,,,,,75000,10,,,,,,,75000,10,,,0,1,1,1,1,1,1,No Guest,N/A
541,7,12,542,2016-01-05,TotalTieKeep,Male,,,,,,0,4.32,50000,25,200000,0,,,,,,,,,,,,,,,,,,,,,,,0,1,1,1,1,1,1,No Guest,N/A
543,7,13,544,2016-01-08,Spretz,Male,,,,,,1,5.76,100000,20,500000,0,,,,,,,,,,,,,,,,,,,,,,,1,1,1,1,0,1,1,No Guest,hand/breath freshener spray
544,7,13,545,2016-01-08,HungryHarvest,Male,,,,,,0,5.76,50000,5,1000000,1,100000,10,1000000,1,100000,10,,,,,,,,,100000,10,,,,,,,1,1,1,1,0,1,1,No Guest,N/A
545,7,13,546,2016-01-08,ControlledChaos,Female,,,,,,1,5.76,50000,20,250000,1,60000,50,120000,1,60000,50,,,60000,50,,,,,,,,,,,,,1,1,1,1,0,1,1,No Guest,N/A
546,7,13,547,2016-01-08,EZPZ,Female,,,,,,0,5.76,1000000,5,20000000,0,,,,,,,,,,,,,,,,,,,,,,,1,1,1,1,0,1,1,No Guest,N/A
547,7,14,548,,Fixed,Male,,,,,,0,,700000,5,14000000,1,700000,7,10000000,1,700000,7,,,,,700000,7,,,,,,,,,,,0,1,1,1,0,1,1,Chris Sacca,N/A
548,7,14,549,,HatchBaby,Mixed Team,,,,,,1,,250000,2.5,10000000,1,250000,3.3,7500000,1,250000,3.3,,,,,,,,,,,,,,,250000,3.3,0,1,1,1,0,1,1,Chris Sacca,Chris Sacca -- convertible note
549,7,14,550,,VillageScholarships,Mixed Team,,,,,,1,,125000,10,1250000,0,,,,,,,,,,,,,,,,,,,,,,,0,1,1,1,0,1,1,Chris Sacca,N/A
550,7,14,551,,BeardKing,Mixed Team,,,,,,1,,100000,20,500000,1,100000,45,222222,1,100000,45,,,,,,,100000,45,,,,,,,,,0,1,1,1,0,1,1,Chris Sacca,N/A
551,7,15,552,,Shefit,Mixed Team,,,,,,1,,250000,20,1250000,1,250000,33.3,750000,1,250000,33.3,,,,,,,,,,,250000,33.3,,,,,0,1,1,1,1,1,1,No Guest,N/A
552,7,15,553,,Co.alition,Male,,,,,,1,,200000,20,1000000,0,,,,,,,,,,,,,,,,,,,,,,,0,1,1,1,1,1,1,No Guest,N/A
553,7,15,554,,icybreeze,Male,,,,,,1,,50000,5,1000000,0,,,,,,,,,,,,,,,,,,,,,,,0,1,1,1,1,1,1,No Guest,N/A
554,7,15,555,,2400Expert,Male,,,,,,0,,250000,10,2500000,1,250000,20,1250000,1,250000,20,,,,,250000,20,,,,,,,,,,,0,1,1,1,1,1,1,No Guest,N/A
555,7,16,556,,R.Riveter,Female,,,,,,1,,100000,20,500000,1,100000,20,500000,1,100000,20,,,,,100000,20,,,,,,,,,,,0,1,1,1,1,1,1,No Guest,plus financing for inventory
556,7,16,557,,Beartek,Male,,,,,,1,,500000,5,10000000,0,,,,,,,,,,,,,,,,,,,,,,,0,1,1,1,1,1,1,No Guest,N/A
557,7,16,558,,MajorMom,Female,,,,,,0,,150000,20,750000,0,,,,,,,,,,,,,,,,,,,,,,,0,1,1,1,1,1,1,No Guest,N/A
558,7,16,559,,CombatFlipFlops,Male,,,,,,1,,150000,10,1500000,1,300000,30,1000000,3,100000,10,,,,,100000,10,100000,10,,,100000,10,,,,,0,1,1,1,1,1,1,No Guest,N/A
559,7,17,560,,SmartPlate,Male,,,,,,0,,1000000,15,6666667,0,,,,,,,,,,,,,,,,,,,,,,,1,1,0,0,1,1,1,Chris Sacca,N/A
560,7,17,561,,BeeFreeHonee,Female,,,,,,1,,100000,10,1000000,1,210000,30,700000,3,70000,10,,,70000,10,70000,10,,,,,,,,,70000,10,1,1,0,0,1,1,1,Chris Sacca,Chris Sacca as guest
561,7,17,562,,FloatBaby,Female,,,,,,0,,150000,20,750000,0,,,,,,,,,,,,,,,,,,,,,,,1,1,0,0,1,1,1,Chris Sacca,N/A
562,7,17,563,,MTAILOR,Male,,,,,,0,,2500000,10,25000000,0,,,,,,,,,,,,,,,,,,,,,,,1,1,0,0,1,1,1,Chris Sacca,N/A
563,7,18,564,,Sworkit,Male,,,,,,1,,1500000,8,18750000,1,1500000,10,15000000,1,1500000,10,,1,,,1500000,10,,,,,,,,,,,1,1,1,1,0,1,1,No Guest,plus $1.5M credit for unused adspace
564,7,18,565,,CleanSleep,Male,,,,,,0,,1500000,15,10000000,0,,,,,,,,,,,,,,,,,,,,,,,1,1,1,1,0,1,1,No Guest,N/A
565,7,18,566,,tutublue,Female,,,,,,0,,200000,25,800000,0,,,,,,,,,,,,,,,,,,,,,,,1,1,1,1,0,1,1,No Guest,N/A
566,7,18,567,,Nohbo,Male,,,,,,0,,100000,20,500000,1,100000,25,400000,1,100000,25,,,,,100000,25,,,,,,,,,,,1,1,1,1,0,1,1,No Guest,N/A
567,7,19,568,,Insta-Fire,Male,,,,,,1,,300000,10,3000000,1,300000,30,1000000,2,150000,15,,,,,150000,15,150000,15,,,,,,,,,0,1,1,1,1,1,1,No Guest,"Update Episode 8.17: $2.4M in sales to date, received a PO from KMG International for $2.1M"
568,7,19,569,,CustardStandHotDogChili,Mixed Team,,,,,,1,,400000,10,4000000,0,,,,,,,,,,,,,,,,,,,,,,,0,1,1,1,1,1,1,No Guest,N/A
569,7,19,570,,PRx,Male,,,,,,1,,80000,10,800000,1,80000,20,400000,1,80000,20,1,,,,,,,,,,,,80000,20,,,0,1,1,1,1,1,1,No Guest,20% of any distributions
570,7,19,571,,RagstoRaches,Female,,,,,,0,,200000,10,2000000,1,200000,15,1333333,1,200000,15,,,,,,,,,200000,15,,,,,,,0,1,1,1,1,1,1,No Guest,N/A
571,7,20,572,,BetterBack,Female,,,,,,0,,750000,7.5,10000000,1,750000,7.5,10000000,1,750000,7.5,,1,,,,,750000,7.5,,,,,,,,,1,1,1,1,0,1,1,No Guest,$750K is actually a loan for 3 years at 7.5% interest plus 8% equity
572,7,20,573,,GlaceCryotherapy,Mixed Team,,,,,,1,,100000,15,666667,1,100000,30,333333,1,100000,30,,,100000,30,,,,,,,,,,,,,1,1,1,1,0,1,1,No Guest,N/A
573,7,20,574,,Linka,Male,,,,,,0,,250000,10,2500000,0,,,,,,,,,,,,,,,,,,,,,,,1,1,1,1,0,1,1,No Guest,N/A
574,7,20,575,,Teaspresso,Female,,,,,,0,,50000,10,500000,0,,,,,,,,,,,,,,,,,,,,,,,1,1,1,1,0,1,1,No Guest,N/A
575,7,21,576,,MobCraft,Male,,,,,,0,,400000,16,2500000,0,,,,,,,,,,,,,,,,,,,,,,,0,1,1,1,1,1,1,No Guest,N/A
576,7,21,577,,Beloved,Male,,,,,,0,,175000,5,3500000,0,,,,,,,,,,,,,,,,,,,,,,,0,1,1,1,1,1,1,No Guest,N/A
577,7,21,578,,IlumiBowl,Male,,,,,,1,,100000,15,666667,1,100000,25,400000,1,100000,25,,,,,,,,,,,,,100000,25,,,0,1,1,1,1,1,1,No Guest,N/A
578,7,21,579,,InnovationPet,Mixed Team,,,,,,1,,250000,5,5000000,1,250000,12.5,2000000,1,250000,12.5,1,,,,,,,,,,,,250000,12.5,,,0,1,1,1,1,1,1,No Guest,25% royalty in online sales
579,7,22,580,,BeerBlizzard,Male,,,,,,1,,100000,10,1000000,1,100000,25,400000,1,100000,25,,,,,100000,25,,,,,,,,,,,0,1,1,1,1,1,1,No Guest,N/A
580,7,22,581,,Vengo,Male,,,,,,1,,2000000,12.5,16000000,1,2000000,10,20000000,2,1000000,5,,1,1000000,5,,,,,,,,,1000000,5,,,0,1,1,1,1,1,1,No Guest,$2M as a loan for 36 months at 7% interest plus 3% equity
581,7,22,582,,TheGoodPromise,Female,,,,,,0,,100000,20,500000,0,,,,,,,,,,,,,,,,,,,,,,,0,1,1,1,1,1,1,No Guest,N/A
582,7,22,583,,Wondercide,Female,,,,,,1,,500000,5,10000000,1,500000,3,16666667,1,500000,3,1,,,,,,500000,3,,,,,,,,,0,1,1,1,1,1,1,No Guest,"$0.50 per unit sold until she gets money back, plus 4% equity"
583,7,23,584,,PrideBites,Male,,,,,,1,,200000,10,2000000,1,200000,20,1000000,2,100000,10,,,,,,,100000,10,100000,10,,,,,,,0,1,1,1,1,1,1,No Guest,N/A
584,7,23,585,,Trobo,Male,,,,,,1,,100000,10,1000000,1,166666,33.3,499998,1,166666,33.3,,,,,,,,,166666,33.3,,,,,,,0,1,1,1,1,1,1,No Guest,contingent on closing a deal w/ DreamWorks
585,7,23,586,,NoPhone,Male,,NY,,,,1,,25000,15,166667,0,,,,,,,,,,,,,,,,,,,,,,,0,1,1,1,1,1,1,No Guest,N/A
586,7,23,587,,Coolbox,Male,,,,,,1,,500000,10,5000000,1,500000,15,3333333,1,500000,15,,1,,,,,500000,15,,,,,,,,,0,1,1,1,1,1,1,No Guest,500k line of credit at 5% interest plus 15% equity
587,7,24,588,,Petnostics,Male,,,,,,0,,300000,10,3000000,1,300000,20,1500000,2,150000,10,,,,,,,150000,10,,,,,150000,10,,,0,1,1,1,0,1,1,Ashton Kutcher,N/A
588,7,24,589,,Frends,Male,,,,,,1,,1000000,7.6,13157895,0,,,,,,,,,,,,,,,,,,,,,,,0,1,1,1,0,1,1,Ashton Kutcher,N/A
589,7,24,590,,Popslate,Male,,,,,,0,,500000,5,10000000,0,,,,,,,,,,,,,,,,,,,,,,,0,1,1,1,0,1,1,Ashton Kutcher,N/A
590,7,24,591,,SlydeHandboards,Mixed Team,,,,,,1,,200000,15,1333333,1,200000,22,909091,2,100000,11,,,,,100000,11,,,,,,,,,100000,11,0,1,1,1,0,1,1,Ashton Kutcher,Ashton Kutcher as guest
591,7,25,592,,TheDripDrop,Male,,CO,,,,1,,50000,20,250000,1,50000,33.3,150150,1,50000,33.3,,,50000,33.3,,,,,,,,,,,,,1,1,1,1,0,1,1,No Guest,with contingency that they'll update design
592,7,25,593,,Jarrett&RajaProductions,Male,,NV,,,,1,,750000,40,1875000,0,,,,,,,,,,,,,,,,,,,,,,,1,1,1,1,0,1,1,No Guest,N/A
593,7,25,594,,KidRunner,Male,,,,,,0,,500000,20,2500000,0,,,,,,,,,,,,,,,,,,,,,,,1,1,1,1,0,1,1,No Guest,N/A
594,7,25,595,,InchBug,Female,,TX,,,,0,,400000,10,4000000,0,,,,,,,,,,,,,,,,,,,,,,,1,1,1,1,0,1,1,No Guest,N/A
595,7,26,596,,FashionTap,Female,,CA,,,,0,,100000,10,1000000,0,,,,,,,,,,,,,,,,,,,,,,,1,1,0,0,1,1,1,Chris Sacca,N/A
596,7,26,597,,brellabox,Mixed Team,,NY,,,,1,,400000,20,2000000,0,,,,,,,,,,,,,,,,,,,,,,,1,1,0,0,1,1,1,Chris Sacca,N/A
597,7,26,598,,MyFruityFaces,Male,,CA,,,,1,,200000,10,2000000,0,,,,,,,,,,,,,,,,,,,,,,,1,1,0,0,1,1,1,Chris Sacca,N/A
598,7,26,599,,brightwheel,Male,,CA,,,,0,,400000,4,10000000,1,600000,6.7,8995502,2,300000,3.35,,,,,300000,3.35,,,,,,,,,300000,3.35,1,1,0,0,1,1,1,Chris Sacca,Chris Sacca is guest shark
599,7,27,600,,dollopgourmet,Female,,NY,,,,0,,75000,20,375000,1,75000,25,300000,1,75000,25,,,75000,25,,,,,,,,,,,,,1,1,1,1,0,1,1,No Guest,N/A
600,7,27,601,,Creaproducts,Female,,HI,,,,0,,200000,10,2000000,1,200000,22.5,888889,1,200000,22.5,,,200000,22.5,,,,,,,,,,,,,1,1,1,1,0,1,1,No Guest,N/A
601,7,27,602,,YourselfExpression,Mixed Team,,FL,,,,1,,50000,20,250000,0,,,,,,,,,,,,,,,,,,,,,,,1,1,1,1,0,1,1,No Guest,N/A
602,7,27,603,,TheSpooner,Male,,CA,,,,1,,400000,16,2500000,1,400000,16,2500000,2,200000,8,,,200000,8,200000,8,,,,,,,,,,,1,1,1,1,0,1,1,No Guest,N/A
603,7,28,604,,CampNoCounselors,Male,,NY,,,,0,,300000,7.5,4000000,0,,,,,,,,,,,,,,,,,,,,,,,0,1,1,1,1,1,1,No Guest,N/A
604,7,28,605,,EVPExtremeVehicleProtection,Male,,NY,,,,1,,50000,20,250000,1,50000,33.3,150000,1,50000,33.3,,,,,,,,,,,50000,33.3,,,,,0,1,1,1,1,1,1,No Guest,N/A
605,7,28,606,,GladiatorLacrosse,Female,,,,,,0,,100000,15,666667,0,,,,,,,,,,,,,,,,,,,,,,,0,1,1,1,1,1,1,No Guest,N/A
606,7,28,607,,VPCABS,Male,,OH,,,,0,,200000,10,2000000,1,200000,25,800000,1,200000,25,,,,,,,,,,,200000,25,,,,,0,1,1,1,1,1,1,No Guest,N/A
607,7,29,608,2016-05-20,PeteAndPedro,Male,,GA,,,,0,5.47,100000,10,1000000,1,100000,10,1000000,1,100000,10,,,100000,10,,,,,,,,,,,,,1,1,1,1,0,1,1,No Guest,"deal is for Alpha M, another company the founder runs"
608,7,29,609,2016-05-20,PMSBites,Female,,MA,,,,0,5.47,50000,20,250000,0,,,,,,,,,,,,,,,,,,,,,,,1,1,1,1,0,1,1,No Guest,N/A
609,7,29,610,2016-05-20,Felt,Male,,CO,,,,0,5.47,200000,6,3333333,1,225000,10,2250000,1,225000,10,,,,,,,,,,,,,225000,10,,,1,1,1,1,0,1,1,No Guest,N/A
610,7,29,611,2016-05-20,Pavlok,Male,,MA,,,,0,5.47,500000,3.1,15923567,0,,,,,,,,,,,,,,,,,,,,,,,1,1,1,1,0,1,1,No Guest,N/A
611,8,1,612,2016-09-23,Fizzics,Male,,NJ,,,,1,,500000,4,12500000,1,2000000,16.7,11997600,2,1000000,8.35,,,,,1000000,8.35,1000000,8.35,,,,,,,,,1,1,1,1,1,1,1,No Guest,N/A
612,8,1,613,2016-09-23,SpoonfulofComfort,Mixed Team,,UT,,,,1,,400000,10,4000000,0,,,,,,,,,,,,,,,,,,,,,,,1,1,1,1,1,1,1,No Guest,N/A
613,8,1,614,2016-09-23,iSlide,Male,,MA,,,,0,,500000,5,10000000,0,,,,,,,,,,,,,,,,,,,,,,,1,1,1,1,1,1,1,No Guest,N/A
614,8,1,615,2016-09-23,Rethink,Female,,IL,,,,0,,100000,20,500000,1,100000,20,500000,2,50000,10,,,,,50000,10,50000,10,,,,,,,,,1,1,1,1,1,1,1,No Guest,16 year old founder!
615,8,2,616,,TheLapelProject,Male,,FL,,,,1,,150000,20,750000,1,150000,30,500000,1,150000,30,,,,,150000,30,,,,,,,,,,,0,1,1,1,1,1,1,No Guest,N/A
616,8,2,617,,GoodHangups,Female,,WA,,,,0,,100000,10,1000000,1,100000,15,666667,1,100000,15,,,,,,,100000,15,,,,,,,,,0,1,1,1,1,1,1,No Guest,N/A
617,8,2,618,,IceAgeMeals,Male,,CA,,,,0,,1000000,10,10000000,0,,,,,,,,,,,,,,,,,,,,,,,0,1,1,1,1,1,1,No Guest,N/A
618,8,2,619,,Tactibite,Male,,LA,,,,1,,150000,10,1500000,1,150000,10,1500000,1,150000,10,,,,,,,,,150000,10,,,,,,,0,1,1,1,1,1,1,No Guest,N/A
619,8,3,620,,RaisingWild,Female,,FL,,,,1,,100000,20,500000,1,100000,50,200000,1,100000,50,,,100000,50,,,,,,,,,,,,,1,1,1,1,0,1,1,No Guest,N/A
620,8,3,621,,TheCookieKahuna,Male,,HI,,,,0,,50000,20,250000,0,,,,,,,,,,,,,,,,,,,,,,,1,1,1,1,0,1,1,No Guest,N/A
621,8,3,622,,TekDry,Male,,CO,,,,1,,500000,5,10000000,1,500000,5,10000000,1,500000,5,,1,,,,,,,,,,,500000,5,,,1,1,1,1,0,1,1,No Guest,500K as loan with 13% interest and 5% equity
622,8,3,623,,NightRunner270,Mixed Team,,FL,,,,1,,250000,10,2500000,1,200000,15,1333333,1,200000,15,,1,,,,,,,200000,15,,,,,,,1,1,1,1,0,1,1,No Guest,Plus $150K as a loan
623,8,4,624,,Solemates,Female,,NY,,,,1,,500000,10,5000000,1,500000,20,2500000,1,500000,20,,,,,,,,,500000,20,,,,,,,0,1,1,1,1,1,1,No Guest,N/A
624,8,4,625,,AtlanticCandies,Male,,FL,,,,0,,1000000,10,10000000,0,,,,,,,,,,,,,,,,,,,,,,,0,1,1,1,1,1,1,No Guest,N/A
625,8,4,626,,biem,Male,,TX,,,,0,,500000,5,10000000,1,500000,14,3571429,1,500000,14,,,,,,,500000,14,,,,,,,,,0,1,1,1,1,1,1,No Guest,N/A
626,8,4,627,,AngelsandTomboys,Female,,TN,,,,1,,55000,20,275000,1,60000,33.3,180000,2,30000,16.65,,,,,30000,16.65,,,,,30000,16.65,,,,,0,1,1,1,1,1,1,No Guest,N/A
627,8,5,628,,SandiLakeClothing,Female,,OR,,,,0,,100000,10,1000000,0,,,,,,,,,,,,,,,,,,,,,,,1,1,1,1,0,1,1,No Guest,N/A
628,8,5,629,,ParkerMapleFarm,Male,,NY,,,,0,,200000,20,1000000,0,,,,,,,,,,,,,,,,,,,,,,,1,1,1,1,0,1,1,No Guest,N/A
629,8,5,630,,SafeGrabs,Female,,TX,,,,0,,75000,12,625000,1,75000,25,300000,1,75000,25,,,,,,,75000,25,,,,,,,,,1,1,1,1,0,1,1,No Guest,N/A
630,8,5,631,,SiliDogs,Male,,FL,,,,0,,100000,15,666667,1,100000,30,333333,1,100000,30,1,,,,,,100000,30,,,,,,,,,1,1,1,1,0,1,1,No Guest,$0.50/tag until money paid back
631,8,6,632,,LuluBang,Female,,PA,,,,1,,150000,10,1500000,0,,,,,,,,,,,,,,,,,,,,,,,0,1,1,1,1,1,1,No Guest,N/A
632,8,6,633,,Unpack,Male,,NY,,,,1,,500000,40,1250000,0,,,,,,,,,,,,,,,,,,,,,,,0,1,1,1,1,1,1,No Guest,N/A
633,8,6,634,,sunscreeenr,Male,,NC,,,,0,,800000,10,8000000,1,800000,33.3,2400000,1,800000,33.3,,,,,,,,,,,,,800000,33.3,,,0,1,1,1,1,1,1,No Guest,N/A
634,8,6,635,,PotatoParcel,Male,,CA,,,,1,,50000,10,500000,1,50000,10,500000,1,50000,10,1,,,,,,,,,,,,50000,10,,,0,1,1,1,1,1,1,No Guest,"$0.50 royalty for 60 days, which increaes to $1 royalty until $150K is paid back"
635,8,7,636,,EcoFlower,Female,,UT,,,,0,,400000,10,4000000,1,400000,20,2000000,1,400000,20,,,,,,,,,,,400000,20,,,,,1,1,1,1,1,1,1,No Guest,N/A
636,8,7,637,,StyleClub,Female,,PA,,,,0,,500000,20,2500000,1,500000,22,2272727,1,500000,22,,1,,,500000,22,,,,,,,,,,,1,1,1,1,1,1,1,No Guest,$500K as credit at 8% interest
637,8,7,638,,SafeCatch,Male,,CA,,,,1,,600000,3,20000000,0,,,,,,,,,,,,,,,,,,,,,,,1,1,1,1,1,1,1,No Guest,N/A
638,8,7,639,,#besomebody,Male,,MA,,,,0,,1000000,10,10000000,0,,,,,,,,,,,,,,,,,,,,,,,1,1,1,1,1,1,1,No Guest,N/A
639,8,8,640,2016-11-11,MilkSnob,Female,,TX,,,,0,,125000,5,2500000,1,150000,10,1500000,1,150000,10,,,,,,,150000,10,,,,,,,,,1,1,1,0,0,1,1,Chris Sacca,N/A
640,8,8,641,2016-11-11,Jack'sStands&Marketplaces,Male,,CO,Kid,Jack Bonneau,https://www.jacksstands.com/,0,,50000,10,500000,1,0,0,0,1,0,0,,1,,,,,,,,,,,,,0,0,1,1,1,0,0,1,1,Chris Sacca,2% interest loan from Chris Sacca
641,8,8,642,2016-11-11,Chi'lantro,Male,,TX,,,,0,,600000,15,4000000,1,600000,20,3000000,1,600000,20,,,600000,20,,,,,,,,,,,,,1,1,1,0,0,1,1,Chris Sacca,N/A
642,8,8,643,2016-11-11,Toor,Male,,TX,,,,0,,500000,10,5000000,1,500000,10,5000000,2,250000,5,,1,250000,5,,,,,,,,,250000,5,,,1,1,1,0,0,1,1,Chris Sacca,"$500K for 10% stake, $300K of it as loan at 18% interest"
643,8,9,644,,PupBox,Mixed Team,,CA,,,,1,,250000,10,2500000,1,250000,15,1666667,1,250000,15,,,,,,,,,250000,15,,,,,,,0,1,1,1,1,1,1,No Guest,N/A
644,8,9,645,,BarbellApparel,Male,,NV,,,,1,,500000,5,10000000,0,,,,,,,,,,,,,,,,,,,,,,,0,1,1,1,1,1,1,No Guest,N/A
645,8,9,646,,energybits,Female,,MA,,,,0,,500000,5,10000000,0,,,,,,,,,,,,,,,,,,,,,,,0,1,1,1,1,1,1,No Guest,N/A
646,8,9,647,,LineCutterz,Male,,WI,,,,0,,120000,20,600000,1,120000,33,363636,1,120000,33,,,,,,,,,,,120000,33,,,,,0,1,1,1,1,1,1,No Guest,N/A
647,8,10,648,,Inboard,Male,,CA,,,,1,,750000,4,18750000,1,750000,4,18750000,2,375000,2,,1,,,,,375000,2,,,,,375000,2,,,0,1,1,1,0,1,1,Chris Sacca,as a 36 month loan for 9% interest plus 3% stake
648,8,10,649,,petplate,Male,,NY,,,,0,,100000,10,1000000,0,,,,,,,,,,,,,,,,,,,,,,,0,1,1,1,0,1,1,Chris Sacca,N/A
649,8,10,650,,Nootrobox,Male,,CA,,,,1,,2000000,5,40000000,0,,,,,,,,,,,,,,,,,,,,,,,0,1,1,1,0,1,1,Chris Sacca,N/A
650,8,10,651,,nomiku,Mixed Team,,CA,,,,1,,250000,5,5000000,1,250000,10,2500000,1,250000,10,,,,,,,,,,,,,,,250000,10,0,1,1,1,0,1,1,Chris Sacca,continguent upon existing investors giving founders back so they own 40%... guest shark is Chris Sacca
651,8,11,652,,SealedbySanta,Female,,FL,,,,0,,150000,20,750000,1,150000,20,750000,1,150000,20,,1,,,,,150000,20,,,,,,,,,1,1,1,1,0,1,1,No Guest,$75K of it as a loan
652,8,11,653,,Polyglide,Male,,AZ,,,,0,,150000,20,750000,0,,,,,,,,,,,,,,,,,,,,,,,1,1,1,1,0,1,1,No Guest,N/A
653,8,11,654,,Digiwrap,Male,,IL,,,,1,,150000,10,1500000,1,150000,20,750000,1,150000,20,1,,,,,,,,,,,,150000,20,,,1,1,1,1,0,1,1,No Guest,Royalty until he gets his money back 2X
654,8,11,655,,HandOutGloves,Male,,UT,,,,1,,150000,20,750000,0,300000,25,1200000,1,300000,25,,,300000,25,,,,,,,,,,,,,1,1,1,1,0,1,1,No Guest,as a line of credit against receivables for 6% interest
655,8,12,656,,PDXPetDesign,Mixed Team,,OR,,,,1,,300000,15,2000000,0,,,,,,,,,,,,,,,,,,,,,,,0,1,1,1,1,1,1,No Guest,N/A
656,8,12,657,,BasicOutfitters,Mixed Team,,NY,,,,1,,125000,10,1250000,0,,,,,,,,,,,,,,,,,,,,,,,0,1,1,1,1,1,1,No Guest,N/A
657,8,12,658,,VictoryCoffees,Male,,NC,,,,0,,250000,20,1250000,0,,,,,,,,,,,,,,,,,,,,,,,0,1,1,1,1,1,1,No Guest,N/A
658,8,12,659,,NaturallyPerfectDolls,Mixed Team,,FL,,,,1,,200000,20,1000000,1,200000,30,666667,1,200000,30,,,,,,,,,,,200000,30,,,,,0,1,1,1,1,1,1,No Guest,N/A
659,8,13,660,,GreaseBags,Female,,TX,,,,0,,75000,25,300000,1,75000,50,150000,1,75000,50,,,75000,50,,,,,,,,,,,,,1,1,1,1,0,1,1,No Guest,N/A
660,8,13,661,,Pinblock,Male,,NY,,,,0,,100000,20,500000,1,100000,50,200000,1,100000,50,,,,,,,,,,,,,100000,50,,,1,1,1,1,0,1,1,No Guest,contingent upon partnering with large toy co
661,8,13,662,,Mama'sMilkBox,Female,,PA,,,,0,,200000,20,1000000,0,,,,,,,,,,,,,,,,,,,,,,,1,1,1,1,0,1,1,No Guest,N/A
662,8,13,663,,nicepipes,Female,,NY,,,,0,,100000,10,1000000,0,,,,,,,,,,,,,,,,,,,,,,,1,1,1,1,0,1,1,No Guest,N/A
663,8,14,664,,Chirps,Female,,CA,,,,1,,100000,7,1428571,1,100000,15,666667,1,100000,15,,,,,100000,15,,,,,,,,,,,1,1,1,0,0,1,1,Chris Sacca,N/A
664,8,14,665,,Vibes,Male,,MN,,,,0,,100000,20,500000,0,,,,,,,,,,,,,,,,,,,,,,,1,1,1,0,0,1,1,Chris Sacca,N/A
665,8,14,666,,PopUpPlay,Mixed Team,,TX,,,,1,,250000,6,4166667,1,250000,8.3,3000000,1,250000,8.3,,,,,,,,,,,,,,,250000,8.3,1,1,1,0,0,1,1,Chris Sacca,Chris Sacca as guest shark; investing at last round convertible note $3M cap
666,8,14,667,,Getaway,Male,,MA,,,,1,,500000,5,10000000,0,,,,,,,,,,,,,,,,,,,,,,,1,1,1,0,0,1,1,Chris Sacca,N/A
667,8,15,668,,Kooler,Male,,NV,,,,0,,50000,15,333333,1,50000,33.3,150000,1,50000,33.3,,,,,,,,,,,50000,33.3,,,,,0,1,1,1,1,1,1,No Guest,N/A
668,8,15,669,,LittleNomad,Female,,CT,,,,0,,80000,15,533333,0,,,,,,,,,,,,,,,,,,,,,,,0,1,1,1,1,1,1,No Guest,N/A
669,8,15,670,,RinseKit,Male,,CA,,,,1,,250000,5,5000000,1,250000,7.5,3333333,1,250000,7.5,,,,,,,,,,,250000,7.5,,,,,0,1,1,1,1,1,1,No Guest,Plus commission on any deals he closes
670,8,15,671,,Dbestproducts,Male,,CA,,,,0,,350000,5,7000000,1,350000,20,1750000,2,175000,10,,1,,,175000,10,175000,10,,,,,,,,,0,1,1,1,1,1,1,No Guest,Plus $2M line of credit at 18% interest
671,8,16,672,,Tranquilo,Female,,MA,,,,0,,100000,10,1000000,1,200000,15,1333333,1,200000,15,,,,,,,,,200000,15,,,,,,,0,1,1,1,1,1,1,No Guest,N/A
672,8,16,673,,DocSpartan,Mixed Team,,OH,,,,1,,75000,15,500000,1,75000,25,300000,1,75000,25,,,,,,,,,75000,25,,,,,,,0,1,1,1,1,1,1,No Guest,N/A
673,8,16,674,,PeacefulFruits,Male,,OH,,,,0,,75000,20,375000,0,,,,,,,,,,,,,,,,,,,,,,,0,1,1,1,1,1,1,No Guest,N/A
674,8,16,675,,FirefighterTurnoutBags,Mixed Team,,CA,,,,1,,250000,33,757576,1,250000,50,500000,1,250000,50,,,,,,,250000,50,,,,,,,,,0,1,1,1,1,1,1,No Guest,N/A
675,8,17,676,,Toymail,Female,,NY,,,,0,,250000,2.5,10000000,1,600000,5,12000000,2,300000,2.5,,,,,,,300000,2.5,,,,,,,300000,2.5,0,1,1,1,0,1,1,Chris Sacca,Verizon and Amazon are investors. Amazon invested $500k at a $10M cap. $1.6M total raised to date on $10M cap. Lori and Chris Sacca split the deal: $300k for 2.5%.
676,8,17,677,,EDNWallGarden,Male,,CO,,,,0,,150000,10,1500000,0,,,,,,,,,,,,,,,,,,,,,,,0,1,1,1,0,1,1,Chris Sacca,"Kevin offered $150k for 15% and increased his offer to 25% equity (would not come back down to 15% on request), Lori offered $150k for 25% congingent on bringing the price of the product down"
677,8,17,678,,HotelsByDay,Male,,NY,,,,1,,750000,10,7500000,0,,,,,,,,,,,,,,,,,,,,,,,0,1,1,1,0,1,1,Chris Sacca,N/A
678,8,17,679,,Bitsbox,Male,,CO,,,,1,,250000,3,8333333,0,,,,,,,,,,,,,,,,,,,,,,,0,1,1,1,0,1,1,Chris Sacca,"Seed round $500k at $4M pre-money valuation, bridge note for $600k at $6M cap. Have done $400k revenue to date."
679,8,18,680,,SandCloud,Male,,CA,,,,1,,200000,8,2500000,1,200000,15,1333333,1,200000,15,,,,,,,,,200000,15,,,,,,,0,1,1,1,1,1,1,No Guest,N/A
680,8,18,681,,OraOrganics,Male,,CA,,,,1,,375000,5,7500000,0,,,,,,,,,,,,,,,,,,,,,,,0,1,1,1,1,1,1,No Guest,N/A
681,8,18,682,,DartDrones,Female,,MA,,,,0,,300000,10,3000000,1,300000,10,3000000,1,300000,10,,,,,300000,10,,,,,,,,,,,0,1,1,1,1,1,1,No Guest,N/A
682,8,18,683,,elephantpants,Male,,NY,,,,1,,500000,10,5000000,1,500000,17.5,2857143,1,500000,17.5,,,,,,,,,,,500000,17.5,,,,,0,1,1,1,1,1,1,No Guest,N/A
683,8,19,684,,TheSleepStyler,Female,,CA,,,,0,,75000,20,375000,1,75000,25,300000,1,75000,25,,,,,,,75000,25,,,,,,,,,1,1,1,1,0,1,1,No Guest,N/A
684,8,19,685,,BlentiqueWineCompany,Male,,CA,,,,0,,250000,10,2500000,1,250000,10,2500000,1,250000,10,,1,,,,,250000,10,,,,,,,,,1,1,1,1,0,1,1,No Guest,"as a loan with 8% interest, 10% equity"
685,8,19,686,,MealEnders,Male,,CA,,,,0,,350000,8,4375000,0,,,,,,,,,,,,,,,,,,,,,,,1,1,1,1,0,1,1,No Guest,N/A
686,8,19,687,,Rareform,Male,,CA,,,,1,,300000,10,3000000,1,300000,10,3000000,1,300000,10,,1,,,,,,,,,,,300000,10,,,1,1,1,1,0,1,1,No Guest,as a loan with 6% interest
687,8,20,688,,ApolloPeak,Male,,CO,,,,0,,100000,10,1000000,1,100000,20,500000,1,100000,20,,,,,,,,,,,,,100000,20,,,0,1,1,1,1,1,1,No Guest,N/A
688,8,20,689,,seedsheet,Male,,VT,,,,0,,500000,10,5000000,1,500000,20,2500000,1,500000,20,,,,,,,,,500000,20,,,,,,,0,1,1,1,1,1,1,No Guest,N/A
689,8,20,690,,cropsticks,Female,,HI,,,,0,,75000,12.5,600000,0,,,,,,,,,,,,,,,,,,,,,,,0,1,1,1,1,1,1,No Guest,N/A
690,8,20,691,,UnderTheWeather,Male,,OH,,,,0,,600000,10,6000000,1,600000,15,4000000,1,600000,15,,,,,600000,15,,,,,,,,,,,0,1,1,1,1,1,1,No Guest,N/A
691,8,21,692,,GuardLlama,Male,,IL,,,,1,,100000,5,2000000,1,100000,18,555556,1,100000,18,1,,100000,18,,,,,,,,,,,,,1,1,1,0,0,1,1,Chris Sacca,$2 royalty until $100K recouped
692,8,21,693,,Flag,Mixed Team,,CA,,,,1,,375000,5,7500000,0,,,,,,,,,,,,,,,,,,,,,,,1,1,1,0,0,1,1,Chris Sacca,N/A
693,8,21,694,,Validated,Male,,OR,,,,1,,250000,8,3125000,0,,,,,,,,,,,,,,,,,,,,,,,1,1,1,0,0,1,1,Chris Sacca,N/A
694,8,21,695,,GuardianBikes,Male,,CA,,,,1,,500000,10,5000000,1,500000,15,3333333,1,500000,15,,,,,500000,15,,,,,,,,,,,1,1,1,0,0,1,1,Chris Sacca,N/A
695,8,22,696,,Goverre,Female,,CA,,,,1,,200000,13,1538462,1,200000,33.3,600601,3,66666.66667,11.1,,,,,66666.66667,11.1,66666.66667,11.1,66666.66667,11.1,,,,,,,0,1,1,1,1,1,1,No Guest,N/A
696,8,22,697,,SeeRescueStreamer,Male,,HI,,,,0,,200000,20,1000000,0,,,,,,,,,,,,,,,,,,,,,,,0,1,1,1,1,1,1,No Guest,N/A
697,8,22,698,,BootyQueenApparel,Mixed Team,,TX,,,,1,,250000,20,1250000,1,250000,33.3,750075,1,250000,33.3,,,,,,,,,,,250000,33.3,,,,,0,1,1,1,1,1,1,No Guest,N/A
698,8,22,699,,LocTote,Male,,OH,,,,1,,150000,5,3000000,0,150000,10,1500000,1,150000,10,1,,,,,,,,150000,10,,,,,,,0,1,1,1,1,1,1,No Guest,$10/bag until investment is recoupled
699,8,23,700,,ThompsonTee,Male,,CA,,,,1,,700000,7,10000000,1,700000,25,2800000,1,700000,25,,,,,,,,,700000,25,,,,,,,0,1,1,1,1,1,1,No Guest,N/A
700,8,23,701,,WalletBuckle,Male,,CA,,,,1,,500000,10,5000000,0,,,,,,,,,,,,,,,,,,,,,,,0,1,1,1,1,1,1,No Guest,N/A
701,8,23,702,,RumiSpice,Mixed Team,,IL,,,,1,,250000,5,5000000,1,250000,15,1666667,1,250000,15,,,,,250000,15,,,,,,,,,,,0,1,1,1,1,1,1,No Guest,N/A
702,8,23,703,,PeoplesDesign,Male,,CO,,,,0,,75000,25,300000,1,75000,33.3,225002,1,75000,33.3,,,,,,,75000,33.3,,,,,,,,,0,1,1,1,1,1,1,No Guest,N/A
703,8,24,704,2017-05-12,Wine&Design,Mixed Team,,NC,,,,1,,500000,10,5000000,1,500000,10,5000000,1,500000,10,,1,,,,,,,,,,,500000,10,,,1,1,1,1,0,1,1,No Guest,$250K as a line of credit at 12% interest
704,8,24,705,2017-05-12,RocketBook,Male,,MA,,,,1,,400000,10,4000000,0,,,,,,,,,,,,,,,,,,,,,,,1,1,1,1,0,1,1,No Guest,N/A
705,8,24,706,2017-05-12,LaidBrand,Male,,FL,,,,1,,30000,30,100000,0,,,,,,,,,,,,,,,,,,,,,,,1,1,1,1,0,1,1,No Guest,N/A
706,8,24,707,2017-05-12,BridalBuddy,Female,,PA,,,,0,,75000,10,750000,1,75000,30,250000,2,37500,15,,,,,,,37500,15,,,,,37500,15,,,1,1,1,1,0,1,1,No Guest,N/A
707,9,1,708,2017-10-01,LockerBoard,Mixed Team,,CA,,,,0,,60000,15,400000,1,65000,20,325000,1,65000,20,,,,,,,,,,,,,,,65000,20,0,1,1,1,1,0,0,Richard Branson,Guest Shark: Richard Branson
708,9,1,709,2017-10-01,WypAviation,Male,,AL,,,,0,,500000,20,2500000,0,,,,,,,,,,,,,,,,,,,,,,,0,1,1,1,1,0,0,Richard Branson,N/A
709,9,1,710,2017-10-01,SierraMadreResearch,Mixed Team,,MS,,,,1,,175000,15,1166667,1,175000,15,1166667,1,175000,15,,,,,,,,,,,,,,,175000,15,0,1,1,1,1,0,0,Richard Branson,Guest Shark: Richard Branson
710,9,1,711,2017-10-01,SimpleHabit,Female,,CA,,,,0,,600000,5,12000000,0,,,,,,,,,,,,,,,,,,,,,,,0,1,1,1,1,0,0,Richard Branson,N/A
711,9,2,712,,Seventy2,Male,,CA,,,,1,,100000,5,2000000,1,200000,10,2000000,1,200000,10,,,,,,,,,200000,10,,,,,,,1,1,1,1,0,0,0,Rohan Oza,N/A
712,9,2,713,,Jackson'sHonest,Mixed Team,,CO,,,,1,,1250000,5,25000000,1,1250000,15,8333333,1,1250000,15,,,,,,,,,,,,,,,1250000,15,1,1,1,1,0,0,0,Rohan Oza,Guest Shark: Rohan Oza
713,9,2,714,,QBall,Male,,NC,,,,0,,200000,15,1333333,1,300000,30,1000000,3,100000,10,,,,,100000,10,100000,10,,,,,,,100000,10,1,1,1,1,0,0,0,Rohan Oza,Guest Shark: Rohan Oza
714,9,2,715,,trippie,Male,,CA,,,,0,,100000,10,1000000,0,,,,,,,,,,,,,,,,,,,,,,,1,1,1,1,0,0,0,Rohan Oza,N/A
715,9,3,716,,Firdgetland,Male,,AZ,,,,0,,50000,10,500000,1,50000,20,250000,1,50000,20,,,50000,20,,,,,,,,,,,,,1,1,1,1,0,1,1,No Guest,N/A
716,9,3,717,,EnsoRings,Male,,UT,,,,1,,500000,7.5,6666667,1,500000,15,3333333,1,500000,15,,,,,,,,,500000,15,,,,,,,1,1,1,1,0,1,1,No Guest,N/A
717,9,3,718,,ThirdWaveWater,Male,,OH,,,,1,,100000,10,1000000,1,100000,25,400000,1,100000,25,,,100000,25,,,,,,,,,,,,,1,1,1,1,0,1,1,No Guest,N/A
718,9,3,719,,Tanglepets,Female,,WA,,,,0,,75000,30,250000,1,75000,45,166667,1,75000,45,,,,,,,75000,45,,,,,,,,,1,1,1,1,0,1,1,No Guest,N/A
719,9,4,720,,DelightedByHummus,Female,,NV,,,,0,,600000,12,5000000,1,600000,12,5000000,1,600000,12,,,,,600000,12,,,,,,,,,,,1,1,1,0,0,1,1,Alex Rodriguez,N/A
720,9,4,721,,Solemender,Male,,MI,,,,1,,75000,10,750000,0,,,,,,,,,,,,,,,,,,,,,,,1,1,1,0,0,1,1,Alex Rodriguez,N/A
721,9,4,722,,IceShaker,Male,,TX,,,,0,,100000,15,666667,1,150000,15,1000000,2,75000,7.5,,,,,75000,7.5,,,,,,,,,75000,7.5,1,1,1,0,0,1,1,Alex Rodriguez,Guest Shark: Alex Rodriguez
722,9,4,723,,benjilock,Male,,CA,,,,0,,200000,10,2000000,1,200000,10,2000000,1,200000,10,,,,,,,,,,,,,200000,10,,,1,1,1,0,0,1,1,Alex Rodriguez,Guest Shark: Alex Rodriguez
723,9,5,724,,Ash&Anvil,Male,,MI,,,,1,,100000,12.5,800000,1,150000,25,600000,1,150000,25,,,,,150000,25,,,,,,,,,,,0,1,1,1,1,1,1,No Guest,N/A
724,9,5,725,,Mirmir,Male,,CA,,,,1,,350000,10,3500000,1,700000,20,3500000,1,700000,20,,,,,,,,,700000,20,,,,,,,0,1,1,1,1,1,1,No Guest,N/A
725,9,5,726,,Kwik-hang,Male,,MA,,,,0,,80000,20,400000,0,,,,,,,,,,,,,,,,,,,,,,,0,1,1,1,1,1,1,No Guest,N/A
726,9,5,727,,H3oSports,Male,,FL,,,,1,,120000,15,800000,1,120000,33.3,360000,1,120000,33.3,,,,,,,,,120000,33.3,,,,,,,0,1,1,1,1,1,1,No Guest,Plus 10% equity to Mark (for $0!)
727,9,6,728,,NovelEffect,Mixed Team,,WA,,,,1,,500000,10,5000000,1,500000,15,3333333,1,500000,15,,,,,,,500000,15,,,,,,,,,0,1,1,0,1,1,1,Sara Blakely,N/A
728,9,6,729,,FatherFigure,Male,,NY,,,,0,,80000,15,533333,0,,,,,,,,,,,,,,,,,,,,,,,0,1,1,0,1,1,1,Sara Blakely,N/A
729,9,6,730,,DrainWig,Mixed Team,,UT,,,,1,,300000,5,6000000,1,300000,15,2000000,1,300000,15,,,,,,,,,,,,,300000,15,,,0,1,1,0,1,1,1,Sara Blakely,N/A
730,9,6,731,,BrazynLife,Male,,CA,,,,1,,225000,10,2250000,1,250000,20,1250000,2,125000,10,,,,,,,125000,10,,,,,,,125000,10,0,1,1,0,1,1,1,Sara Blakely,Guest Shark: Sara Blakely
731,9,7,732,2017-10-29,GeoOrbital,Male,,MA,,,,1,3.18,500000,5,10000000,0,,,,,,,,,,,,,,,,,,,,,,,1,1,1,0,0,1,1,Chris Sacca,N/A
732,9,7,733,2017-10-29,Qeepsake,Male,,MA,,,,0,3.18,350000,10,3500000,0,,,,,,,,,,,,,,,,,,,,,,,1,1,1,0,0,1,1,Chris Sacca,N/A
733,9,7,734,2017-10-29,WaiveCar,Male,,CA,,,,1,3.18,500000,2,25000000,1,500000,2,25000000,1,500000,2,,1,,,,,,,,,,,500000,2,,,1,1,1,0,0,1,1,Chris Sacca,"As a 36-month loan at 12% interest, plus equity"
734,9,7,735,2017-10-29,Pearachute,Female,,IL,,,,0,3.18,500000,6,8333333,1,500000,15,3333333,1,500000,15,,,,,500000,15,,,,,,,,,,,1,1,1,0,0,1,1,Chris Sacca,N/A
735,9,8,736,,NoMo-Stach,Female,,CA,,,,1,,100000,25,400000,1,100000,25,400000,2,50000,12.5,1,,,,,,50000,12.5,,,,,,,50000,12.5,0,1,1,1,0,1,1,Bethenny Frankel,Royalty = $1 on each sold until $200K is repaid
736,9,8,737,,Snoofybee,Mixed Team,,OR,,,,1,,85000,10,850000,1,120000,20,600000,1,120000,20,,,,,,,120000,20,,,,,,,,,0,1,1,1,0,1,1,Bethenny Frankel,N/A
737,9,8,738,,DreamPad,Male,,CO,,,,0,,800000,10,8000000,0,,,,,,,,,,,,,,,,,,,,,,,0,1,1,1,0,1,1,Bethenny Frankel,N/A
738,9,8,739,,SnarkyTea,Female,,PA,,,,0,,150000,25,600000,1,150000,50,300000,2,75000,25,,,,,,,,,,,,,75000,25,75000,25,0,1,1,1,0,1,1,Bethenny Frankel,Guest Shark: Bethenny Frankel
739,9,9,740,,BrilliantPad,Male,,IL,,,,0,,500000,5,10000000,1,500000,5,10000000,1,500000,5,1,,,,,,500000,5,,,,,,,,,1,1,1,0,0,1,1,Alex Rodriguez,N/A
740,9,9,741,,Bravo,Mixed Team,,AZ,,,,1,,150000,5,3000000,1,150000,14,1071429,2,75000,7,,,,,75000,7,75000,7,,,,,,,,,1,1,1,0,0,1,1,Alex Rodriguez,4% is in advisory shares (2% per shark)
741,9,9,742,,HoopMaps,Male,,CA,,,,1,,100000,5,2000000,0,,,,,,,,,,,,,,,,,,,,,,,1,1,1,0,0,1,1,Alex Rodriguez,N/A
742,9,9,743,,Glovestix,Female,,VA,,,,0,,150000,10,1500000,1,150000,15,1000000,2,75000,7.5,,,,,,,75000,7.5,,,,,,,75000,7.5,1,1,1,0,0,1,1,Alex Rodriguez,Guest Shark: Alex Rodriguez
743,9,10,744,,Grypmat,Male,,OH,,,,0,,200000,10,2000000,1,360000,30,1200000,3,120000,10,,,,,120000,10,120000,10,,,,,,,120000,10,0,1,1,1,1,0,0,Richard Branson,Guest Shark: Richard Branson
744,9,10,745,,DNASimple,Male,,NY,,,,0,,100000,12.5,800000,1,200000,15,1333333,1,200000,15,,,,,200000,15,,,,,,,,,,,0,1,1,1,1,0,0,Richard Branson,N/A
745,9,10,746,,Robin,Male,,TX,,,,1,,500000,5,10000000,0,,,,,,,,,,,,,,,,,,,,,,,0,1,1,1,1,0,0,Richard Branson,N/A
746,9,10,747,,SmartGurlz,Female,,MD,,,,0,,200000,5,4000000,1,200000,5,4000000,1,200000,5,,,,,,,,,,,200000,5,,,,,0,1,1,1,1,0,0,Richard Branson,N/A
747,9,11,748,,ReelyHookedFishCo.,Male,,FL,,,,1,,75000,25,300000,1,75000,25,300000,1,75000,25,,,,,75000,25,,,,,,,,,,,0,1,1,1,1,1,1,No Guest,N/A
748,9,11,749,,TheCutBuddy,Male,,FL,,,,0,,300000,10,3000000,1,300000,20,1500000,1,300000,20,,,,,,,,,,,300000,20,,,,,0,1,1,1,1,1,1,No Guest,N/A
749,9,11,750,,Slumberkins,Female,,Canada,,,,1,,175000,5,3500000,0,,,,,,,,,,,,,,,,,,,,,,,0,1,1,1,1,1,1,No Guest,N/A
750,9,11,751,,ProntoBev,Male,,CA,,,,0,,100000,5,2000000,1,100000,25,400000,1,100000,25,,,,,100000,25,,,,,,,,,,,0,1,1,1,1,1,1,No Guest,contingent on him raising the other $100K
751,9,12,752,,Hater,Male,,NY,,,,0,,200000,5,4000000,1,200000,10,2000000,1,200000,10,,,,,200000,10,,,,,,,,,,,1,1,1,1,0,0,0,Rohan Oza,N/A
752,9,12,753,,CocoTaps,Male,,CA,,,,0,,150000,10,1500000,0,,,,,,,,,,,,,,,,,,,,,,,1,1,1,1,0,0,0,Rohan Oza,N/A
753,9,12,754,,EverlyWell,Female,,TX,,,,0,,1000000,5,20000000,1,1000000,5,20000000,1,1000000,5,,1,,,,,1000000,5,,,,,,,,,1,1,1,1,0,0,0,Rohan Oza,as a line of credit for 8% interest
754,9,12,755,,Mush,Female,,CA,,,,1,,300000,10,3000000,1,300000,10,3000000,1,300000,10,,1,,,300000,10,,,,,,,,,,,1,1,1,1,0,0,0,Rohan Oza,plus unlimited line of credit
755,9,13,756,,TheOriginalComfy,Male,,AZ,,,,1,,50000,20,250000,1,50000,20,250000,1,50000,20,,,50000,20,,,,,,,,,,,,,1,1,1,1,0,1,1,No Guest,N/A
756,9,13,757,,ChristmasTreeHugger,Male,,NY,,,,0,,100000,20,500000,0,,,,,,,,,,,,,,,,,,,,,,,1,1,1,1,0,1,1,No Guest,N/A
757,9,13,758,,RokBlok,Male,,CA,,,,0,,300000,15,2000000,1,500000,100,500000,1,500000,100,,,,,,,,,500000,100,,,,,,,1,1,1,1,0,1,1,No Guest,Bought 100% of the company. Offered to hire Riley for 2 years at a six-figure contract with an additional royalty of $5 per unit.
758,9,13,759,,ModernChristmasTrees,Male,,CO,,,,0,,100000,10,1000000,1,100000,18,555556,1,100000,18,1,,100000,18,,,,,,,,,,,,,1,1,1,1,0,1,1,No Guest,$5 royalty until her investment is repaid
759,9,14,760,,Frywall,Male,,NY,,,,0,,100000,10,1000000,1,100000,10,1000000,2,50000,5,,1,,,,,50000,5,,,,,50000,5,,,0,1,1,1,1,1,1,No Guest,plus line of credit to cover purchase orders
760,9,14,761,,EllipticalStroller,Male,,FL,,,,0,,500000,40,1250000,0,,,,,,,,,,,,,,,,,,,,,,,0,1,1,1,1,1,1,No Guest,N/A
761,9,14,762,,Inirv,Mixed Team,,CA,,,,1,,800000,8,10000000,0,,,,,,,,,,,,,,,,,,,,,,,0,1,1,1,1,1,1,No Guest,N/A
762,9,14,763,,birddogs,Male,,NY,,,,1,,250000,1.5,16666667,0,,,,,,,,,,,,,,,,,,,,,,,0,1,1,1,1,1,1,No Guest,N/A
763,9,15,764,,iFork,Male,,NY,,,,0,,100000,5,2000000,1,100000,20,500000,1,100000,20,,,100000,20,,,,,,,,,,,,,1,1,1,1,0,0,0,Rohan Oza,N/A
764,9,15,765,,Stasher,Female,,CA,,,,0,,400000,5,8000000,1,400000,15,2666667,1,400000,15,,1,,,400000,15,,,,,,,,,,,1,1,1,1,0,0,0,Rohan Oza,Plus line of credit
765,9,15,766,,Recharj,Male,,DC,,,,0,,75000,15,500000,0,,,,,,,,,,,,,,,,,,,,,,,1,1,1,1,0,0,0,Rohan Oza,N/A
766,9,15,767,,Detrapel,Male,,PA,,,,0,,200000,20,1000000,1,200000,25,800000,2,100000,12.5,,,,,100000,12.5,100000,12.5,,,,,,,,,1,1,1,1,0,0,0,Rohan Oza,N/A
767,9,16,768,,Joe'sGourmetFishFry,Mixed Team,,GA,,,,1,,150000,15,1000000,1,150000,25,600000,1,150000,25,,,,,,,,,,,150000,25,,,,,0,1,1,1,1,1,1,No Guest,N/A
768,9,16,769,,GoatPetProducts,Female,,MI,,,,0,,499000,9,5544444,1,499000,33.3,1497000,1,499000,33.3,,,,,,,,,499000,33.3,,,,,,,0,1,1,1,1,1,1,No Guest,N/A
769,9,16,770,,DudeRobe,Male,,NY,,,,0,,150000,18,833333,0,,,,,,,,,,,,,,,,,,,,,,,0,1,1,1,1,1,1,No Guest,N/A
770,9,16,771,,TheLongHairs,Male,,CA,,,,1,,95000,10,950000,1,100000,20,500000,1,100000,20,,,,,100000,20,,,,,,,,,,,0,1,1,1,1,1,1,No Guest,N/A
771,9,17,772,,Alice'sTable,Female,,MA,,,,0,,250000,6.3,4000000,1,250000,10,2500000,2,125000,5,,,,,125000,5,,,,,,,,,125000,5,0,1,1,0,1,1,1,Sara Blakely,Guest Shark: Sarah Blakely; includes option to buy 10% later
772,9,17,773,,Zup,Male,,VA,,,,1,,300000,10,3000000,0,,,,,,,,,,,,,,,,,,,,,,,0,1,1,0,1,1,1,Sara Blakely,N/A
773,9,17,774,,BoobieBar,Female,,CA,,,,0,,150000,10,1500000,1,150000,20,750000,1,150000,20,,,,,,,,,,,150000,20,,,,,0,1,1,0,1,1,1,Sara Blakely,N/A
774,9,17,775,,Pandaloon,Female,,CA,,,,0,,60000,20,300000,1,60000,35,171429,1,60000,35,,,,,,,,,,,60000,35,,,,,0,1,1,0,1,1,1,Sara Blakely,Guest Shark: Sarah Blakely
775,9,18,780,,RounderBum,Male,,CA,,,,0,,150000,10,1500000,1,150000,5,3000000,1,150000,5,1,,,,,,,,,,,,150000,5,,,0,1,1,1,1,1,1,No Guest,N/A
776,9,18,781,,BrushHero,Male,,,,,,1,,500000,10,5000000,0,,,,,,,,,,,,,,,,,,,,,,,0,1,1,1,1,1,1,No Guest,N/A
777,9,18,782,,Savy,Female,,,,,,0,,100000,10,1000000,0,,,,,,,,,,,,,,,,,,,,,,,0,1,1,1,1,1,1,No Guest,N/A
778,9,18,783,,GuzzleBuddy,Mixed Team,,,,,,1,,400000,10,4000000,1,400000,25,1600000,1,400000,25,,,,,,,,,,,400000,25,,,,,0,1,1,1,1,1,1,No Guest,N/A
779,9,19,776,,ThePop,Female,,NY,,,,0,,250000,5,5000000,1,250000,10,2500000,1,250000,10,,,,,,,,,,,,,250000,10,,,0,1,1,0,1,1,1,Sara Blakely,N/A
780,9,19,777,,BouquetBar,Male,,CA,,,,1,,150000,10,1500000,1,150000,25,600000,1,150000,25,,,,,150000,25,,,,,,,,,,,0,1,1,0,1,1,1,Sara Blakely,N/A
781,9,19,778,,TheWingman,Male,,WI,,,,1,,200000,12.5,1600000,0,,,,,,,,,,,,,,,,,,,,,,,0,1,1,0,1,1,1,Sara Blakely,N/A
782,9,19,779,,Zuvaa,Female,,GA,,,,0,,460000,10,4600000,0,,,,,,,,,,,,,,,,,,,,,,,0,1,1,0,1,1,1,Sara Blakely,N/A
783,9,20,784,,TheDoughBar,Mixed Team,,CA,,,,1,,300000,15,2000000,1,300000,20,1500000,1,300000,20,,,300000,20,,,,,,,,,,,,,1,1,1,1,0,0,0,Alex Rodriguez,N/A
784,9,20,785,,ShowerPill,Male,,MD,,,,1,,300000,10,3000000,0,,,,,,,,,,,,,,,,,,,,,,,1,1,1,1,0,0,0,Alex Rodriguez,N/A
785,9,20,786,,ChangEd,Male,,IL,,,,1,,250000,15,1666667,1,250000,25,1000000,1,250000,25,,,,,250000,25,,,,,,,,,,,1,1,1,1,0,0,0,Alex Rodriguez,N/A
786,9,20,787,,SnapClips,Male,,IL,,,,0,,150000,15,1000000,1,150000,30,500000,3,50000,10,,,,,50000,10,50000,10,,,,,,,50000,10,1,1,1,1,0,0,0,Alex Rodriguez,Guest Shark: Alex Rodriguez
787,9,21,788,,Sap!,Male,,VT,,,,1,,600000,12,5000000,0,,,,,,,,,,,,,,,,,,,,,,,1,1,1,1,0,0,0,Rohan Oza,N/A
788,9,21,789,,Radiate,Male,,,,,,1,,50000,20,250000,1,100000,25,400000,1,100000,25,,,,,,,,,100000,25,,,,,,,1,1,1,1,0,0,0,Rohan Oza,N/A
789,9,21,790,,Petrol,Mixed Team,,NC,,,,1,,150000,20,750000,0,,,,,,,,,,,,,,,,,,,,,,,1,1,1,1,0,0,0,Rohan Oza,N/A
790,9,21,791,,Everytable,Male,,CA,,,,1,,1000000,5,20000000,1,1000000,10,10000000,1,1000000,10,,,,,,,,,,,,,,,1000000,10,1,1,1,1,0,0,0,Rohan Oza,Guest Shark: Rohan Oza
791,9,22,792,,GunnarOptiks,Male,,CA,,,,0,,750000,5,15000000,1,750000,5,15000000,1,750000,5,,1,,,,,750000,5,,,,,,,,,1,1,1,1,0,0,0,Rohan Oza,$375K of the $750K done as a loan for 8%
792,9,22,793,,Avocaderia,Male,,WA,,,,0,,300000,10,3000000,1,400000,20,2000000,2,200000,10,,,200000,10,200000,10,,,,,,,,,,,1,1,1,1,0,0,0,Rohan Oza,N/A
793,9,22,794,,Solsource,Female,,CA,,,,0,,500000,3,16666667,1,500000,4,12500000,1,500000,4,,,,,500000,4,,,,,,,,,,,1,1,1,1,0,0,0,Rohan Oza,N/A
794,9,22,795,,Sunnova,Male,,NY,,,,1,,500000,4.5,11111111,0,,,,,,,,,,,,,,,,,,,,,,,1,1,1,1,0,0,0,Rohan Oza,N/A
795,9,23,796,,EggMazing,Male,,TX,,,,1,,350000,7,5000000,1,150000,10,1500000,1,150000,10,1,,,,,,150000,10,,,,,,,,,1,1,1,1,0,1,1,No Guest,"$2 royalty until money paid back, half of royalty given to charity of their choice"
796,9,23,797,,Hugo'sAmazingTape,Female,,CA,,,,1,,50000,50,100000,1,100000,100,100000,2,50000,50,,,,,50000,50,50000,50,,,,,,,,,1,1,1,1,0,1,1,No Guest,Bought the entire company!
797,9,23,798,,Coolpeds,Male,,CA,,,,0,,250000,5,5000000,0,,,,,,,,,,,,,,,,,,,,,,,1,1,1,1,0,1,1,No Guest,N/A
798,9,23,799,,Coinout,Male,,NY,,,,0,,250000,7.5,3333333,1,250000,15,1666667,1,250000,15,,,,,,,,,250000,15,,,,,,,1,1,1,1,0,1,1,No Guest,contingent upon obtaining a successful pilot with a large retailer
799,9,24,800,2018-02-25,Bermie's,Male,,FL,,,,0,,200000,20,1000000,0,,,,,,,,,,,,,,,,,,,,,,,0,1,1,1,1,0,0,Bethenny Frankel,N/A
800,9,24,801,2018-02-25,LaceYourFace,Female,,CA,,,,1,,350000,10,3500000,1,350000,15,2333333,1,350000,15,,,,,,,350000,15,,,,,,,,,0,1,1,1,1,0,0,Bethenny Frankel,N/A
801,9,24,802,2018-02-25,OAFoods,Male,,FL,,,,0,,300000,10,3000000,1,300000,25,1200000,2,150000,12.5,,,,,,,150000,12.5,150000,12.5,,,,,,,0,1,1,1,1,0,0,Bethenny Frankel,N/A
802,9,24,803,2018-02-25,Thrive+,Male,,NJ,,,,0,,400000,10,4000000,0,,,,,,,,,,,,,,,,,,,,,,,0,1,1,1,1,0,0,Bethenny Frankel,N/A
803,10,1,804,2018-10-07,FinalStraw,Mixed Team,,,,,,1,,625000,5,12500000,0,,,,,,,,,,,,,,,,,,,,,,,0,1,1,0,1,1,1,Jamie Siminoff,N/A
804,10,1,805,2018-10-07,BearBowl,Mixed Team,,,,,,1,,100000,20,500000,1,100000,25,400000,1,100000,25,,,,,,,,,,,,,,,100000,25,0,1,1,0,1,1,1,Jamie Siminoff,N/A
805,10,1,806,2018-10-07,Le-Glue,Male,,,,,,0,,80000,15,533333,1,80000,20,400000,1,80000,20,,,,,,,,,,,,,80000,20,,,0,1,1,0,1,1,1,Jamie Siminoff,N/A
806,10,1,807,2018-10-07,Boxlock,Male,,GA,,,,0,,1000000,5,20000000,0,,,,,,,,,,,,,,,,,,,,,,,0,1,1,0,1,1,1,Jamie Siminoff,N/A
807,10,2,808,,Sana√≠a,Female,,,,,,0,,150000,15,1000000,1,150000,25,600000,1,150000,25,,,,,150000,25,,,,,,,,,,,1,1,1,1,0,1,1,No Guest,N/A
808,10,2,809,,LugBug,Male,,,,,,0,,300000,10,3000000,0,,,,,,,,,,,,,,,,,,,,,,,1,1,1,1,0,1,1,No Guest,N/A
809,10,2,810,,Ta-TaTowels,Female,,,,,,0,,200000,10,2000000,1,200000,40,500000,1,200000,40,,,,,,,200000,40,,,,,,,,,1,1,1,1,0,1,1,No Guest,N/A
810,10,2,811,,ShedDefender,Male,,,,,,1,,250000,10,2500000,1,250000,25,1000000,1,250000,25,,,,,,,250000,25,,,,,,,,,1,1,1,1,0,1,1,No Guest,N/A
811,10,3,812,,Soupergirl,Female,,DC,,,,1,,500000,10,5000000,0,,,,,,,,,,,,,,,,,,,,,,,0,1,1,0,1,1,1,Matt Higgins,N/A
812,10,3,813,,bundil,Male,,TX,,,,0,,100000,10,1000000,1,100000,50,200000,1,100000,50,,,,,,,,,,,,,100000,50,,,0,1,1,0,1,1,1,Matt Higgins,N/A
813,10,3,814,,BeyondSushi,Male,,,,,,0,,1500000,30,5000000,1,1500000,45,3333333,2,750000,22.5,,,,,,,750000,22.5,,,,,,,750000,22.5,0,1,1,0,1,1,1,Matt Higgins,Guest Shark: Matt Higgins
814,10,3,815,,CupBoardPro,Mixed Team,,,,,,1,,100000,10,1000000,1,100000,20,500000,5,20000,4,,,,,20000,4,20000,4,,,20000,4,20000,4,20000,4,0,1,1,0,1,1,1,Matt Higgins,Guest Shark: Matt Higgins
815,10,4,816,,Manscaped,Male,,CA,,,,1,,500000,7,7142857,1,500000,25,2000000,2,250000,12.5,,,,,250000,12.5,250000,12.5,,,,,,,,,0,1,1,1,0,1,1,Charles Barkley,N/A
816,10,4,817,,boomboom,Mixed Team,,,,,,1,,300000,10,3000000,0,,,,,,,,,,,,,,,,,,,,,,,0,1,1,1,0,1,1,Charles Barkley,N/A
817,10,4,818,,CaveShake,Female,,,,,,1,,250000,10,2500000,1,250000,20,1250000,1,250000,20,,,,,,,,,,,,,,,250000,20,0,1,1,1,0,1,1,Charles Barkley,Guest Shark: Charles Barkley
818,10,4,819,,ButterCloth,Male,,CA,,,,1,,250000,10,2500000,1,250000,25,1000000,1,250000,25,,,,,,,,,250000,25,,,,,,,0,1,1,1,0,1,1,Charles Barkley,N/A
819,10,5,820,,HandbagRaincoat,Female,,,,,,1,,300000,25,1200000,0,,,,,,,,,,,,,,,,,,,,,,,1,1,1,0,0,1,1,Sara Blakely,N/A
820,10,5,821,,Rewardstock,Male,,NC,,,,0,,200000,5,4000000,1,320000,10,3200000,1,320000,10,,,,,320000,10,,,,,,,,,,,1,1,1,0,0,1,1,Sara Blakely,1% in advisory shares
821,10,5,822,,Wisp,Male,,,,,,0,,500000,10,5000000,0,,,,,,,,,,,,,,,,,,,,,,,1,1,1,0,0,1,1,Sara Blakely,N/A
822,10,5,823,,TheKombuchaShop,Female,,WI,,,,0,,350000,10,3500000,1,200000,10,2000000,2,100000,5,,,100000,5,,,,,,,,,,,100000,5,1,1,1,0,0,1,1,Sara Blakely,Guest Shark: Sara Blakely
823,10,6,824,,Lockstraps,Male,,,,,,0,,200000,20,1000000,0,,,,,,,,,,,,,,,,,,,,,,,1,1,1,0,0,1,1,Alex Rodriguez,N/A
824,10,6,825,,VadeNutrition,Mixed Team,,,,,,1,,250000,10,2500000,1,700000,40,1750000,2,350000,20,,,,,350000,20,,,,,,,,,350000,20,1,1,1,0,0,1,1,Alex Rodriguez,N/A
825,10,6,826,,Nui,Male,,,,,,1,,300000,10,3000000,1,300000,25,1200000,1,300000,25,,,,,,,,,,,,,,,300000,25,1,1,1,0,0,1,1,Alex Rodriguez,N/A
826,10,6,827,,Bottlekeeper,Male,,,,,,1,,1000000,5,20000000,1,1000000,5,20000000,2,500000,2.5,1,,,,500000,2.5,500000,2.5,,,,,,,,,1,1,1,0,0,1,1,Alex Rodriguez,N/A
827,10,7,828,,Prank-O,Male,,,,,,1,,640000,8,8000000,1,640000,25,2560000,1,640000,25,,,,,640000,25,,,,,,,,,,,1,1,1,0,1,1,1,No Guest,N/A
828,10,7,829,,Ski-Z,Male,,,,,,1,,50000,15,333333,1,50000,15,333333,1,50000,15,,,50000,15,,,,,,,,,,,,,1,1,1,0,1,1,1,No Guest,N/A
829,10,7,830,,Oatmeals,Female,,,,,,0,,500000,20,2500000,1,500000,33.3,15000000,1,500000,33.3,,,,,,,500000,33.3,,,,,,,,,1,1,1,0,1,1,1,No Guest,N/A
830,10,7,831,,HireSanta,Male,,,,,,0,,200000,10,2000000,1,200000,10,2000000,1,200000,10,,,200000,10,,,,,,,,,,,,,1,1,1,0,1,1,1,No Guest,N/A
831,10,8,832,2018-12-09,PopItPal,Mixed Team,,,,,,1,3.4,250000,10,2500000,1,250000,5,5000000,1,250000,5,1,,,,,,,,,,,,250000,5,,,0,1,1,0,0,1,1,Rohan Oza,N/A
832,10,8,833,2018-12-09,Yumble,Mixed Team,,NJ,,,,1,3.4,500000,4,12500000,1,500000,6,8333333,1,500000,6,,,,,,,,,,,,,,,500000,6,0,1,1,0,0,1,1,Rohan Oza,Guest Shark: Bethenny Frankel
833,10,8,834,2018-12-09,BollyX,Male,,,,,,0,3.4,375000,8,4687500,0,,,,,,,,,,,,,,,,,,,,,,,0,1,1,0,0,1,1,Rohan Oza,N/A
835,10,9,836,,MokiDoorstep,Mixed Team,,CT,,,,1,,150000,5,3000000,1,3000000,100,3000000,1,3000000,100,,,,,,,,,,,3000000,100,,,,,0,1,1,1,1,1,1,No Guest,bought the whole company!
836,10,9,837,,SproingFitness,Male,,IL,,,,1,,500000,8,6250000,0,,,,,,,,,,,,,,,,,,,,,,,0,1,1,1,1,1,1,No Guest,N/A
837,10,9,838,,Bruw,Male,,MI,,,,0,,50000,25,200000,1,50000,30,166667,1,50000,30,,,,,50000,30,,,,,,,,,,,0,1,1,1,1,1,1,No Guest,N/A
838,10,9,839,,TushBaby,Female,,CA,,,,0,,200000,10,2000000,1,200000,20,1000000,1,200000,20,,,,,,,200000,20,,,,,,,,,0,1,1,1,1,1,1,No Guest,N/A
839,10,10,840,2019-01-13,AdventureHunt,Male,,UT,,,,1,4.31,150000,10,1500000,1,150000,20,750000,1,150000,20,,,,,,,,,150000,20,,,,,,,0,1,1,1,1,0,0,Bethenny Frankel,N/A
840,10,10,841,2019-01-13,Uniform,Male,,,,,,1,4.31,300000,10,3000000,0,,,,,,,,,,,,,,,,,,,,,,,0,1,1,1,1,0,0,Bethenny Frankel,N/A
842,10,10,843,2019-01-13,Aquapaw,Male,,CA,,,,1,4.31,200000,7.5,2666667,0,,,,,,,,,,,,,,,,,,,,,,,0,1,1,1,1,0,0,Bethenny Frankel,N/A
843,10,11,844,2019-01-20,SonnetJames,Female,,CA,,,,0,2.82,350000,25,1400000,1,350000,25,1400000,1,350000,25,,,,,,,,,,,,,,,350000,25,1,1,1,0,0,1,1,Sara Blakely,N/A
845,10,11,846,2019-01-20,MakeupJunkieBags,Female,,,,,,0,2.82,200000,15,1333333,1,200000,5,4000000,1,200000,5,,1,,,,,200000,5,,,,,,,,,1,1,1,0,0,1,1,Sara Blakely,N/A
846,10,11,847,2019-01-20,AngelShaveClub,Mixed Team,,,,,,0,2.82,300000,10,3000000,0,,,,,,,,,,,,,,,,,,,,,,,1,1,1,0,0,1,1,Sara Blakely,N/A
847,10,12,848,,ObviousWines,Male,,CA,,,,0,,150000,5,3000000,1,160000,12.5,1280000,1,160000,12.5,,,,,,,160000,12.5,,,,,,,,,0,1,1,1,1,1,1,No Guest,N/A
848,10,12,849,,ZuGoPet,Female,,TX,,,,1,,100000,10,1000000,0,,,,,,,,,,,,,,,,,,,,,,,0,1,1,1,1,1,1,No Guest,N/A
849,10,12,850,,MontiKids,Female,,CA,,,,0,,200000,2.5,8000000,1,200000,2.5,8000000,1,200000,2.5,1,,,,,,,,,,,,200000,2.5,,,0,1,1,1,1,1,1,No Guest,"royalty of $10 until $200K is paid, then $2.50 until $600K is paid"
850,10,12,851,,TwistItUpCombs,Male,,CA,,,,0,,225000,15,1500000,1,225000,25,900000,2,112500,12.5,,,,,112500,12.5,,,,,112500,12.5,,,,,0,1,1,1,1,1,1,No Guest,N/A
851,10,13,852,,FreshBellies,Female,,NY,,,,0,,275000,5,5500000,0,,,,,,,,,,,,,,,,,,,,,,,0,1,1,1,0,1,1,Charles Barkley,N/A
852,10,13,853,,SubSafe,Mixed Team,,,,,,1,,50000,13,384615,1,100000,25,400000,2,50000,12.5,,,,,50000,12.5,,,,,,,,,50000,12.5,0,1,1,1,0,1,1,Charles Barkley,N/A
853,10,13,854,,Zorpads,Mixed Team,,CA,,,,1,,150000,8,1875000,1,150000,22.5,666667,2,75000,11.25,,,,,,,75000,11.25,,,,,,,75000,11.25,0,1,1,1,0,1,1,Charles Barkley,N/A
854,10,13,855,,LifeLiftSystems,Male,,OK,,,,1,,550000,15,3666667,1,550000,25,2200000,1,550000,25,,,,,550000,25,,,,,,,,,,,0,1,1,1,0,1,1,Charles Barkley,N/A
855,10,14,856,,CulrMix,Mixed Team,,IL,,,,1,,400000,10,4000000,0,,,,,,,,,,,,,,,,,,,,,,,0,1,1,1,0,1,1,Alli Webb,N/A
856,10,14,857,,Zookies,Male,,NC,,,,1,,50000,20,250000,1,50000,30,166667,1,50000,30,,,,,,,,,,,,,,,50000,30,0,1,1,1,0,1,1,Alli Webb,N/A
857,10,14,858,,GOGA,Mixed Team,,TX,,,,1,,50000,15,333333,0,,,,,,,,,,,,,,,,,,,,,,,0,1,1,1,0,1,1,Alli Webb,N/A
858,10,14,859,,ShowerToga,Female,,,,,,0,,80000,33,242424,1,80000,40,200000,2,40000,20,,,,,40000,20,,,,,,,,,40000,20,0,1,1,1,0,1,1,Alli Webb,N/A
859,10,15,860,,ToyBox,Mixed Team,,,,,,1,,150000,5,3000000,1,150000,13,1153846,1,150000,13,,,,,,,,,,,,,150000,13,,,0,1,1,0,1,1,1,Jamie Siminoff,N/A
860,10,15,861,,MoinkMeat,Female,,MO,,,,0,,250000,10,2500000,1,400000,20,2000000,1,400000,20,,,,,,,,,,,,,,,400000,20,0,1,1,0,1,1,1,Jamie Siminoff,N/A
861,10,15,862,,Goalsetter,Female,,,,,,0,,200000,4,5000000,0,,,,,,,,,,,,,,,,,,,,,,,0,1,1,0,1,1,1,Jamie Siminoff,N/A
862,10,15,863,,JollyRoger,Male,,,,,,1,,400000,10,4000000,0,,,,,,,,,,,,,,,,,,,,,,,0,1,1,0,1,1,1,Jamie Siminoff,N/A
863,10,16,864,,UrbanFloat,Male,,,,,,1,,500000,5,10000000,1,500000,12.5,4000000,1,500000,12.5,,,,,,,,,,,,,,,500000,12.5,0,1,1,0,1,1,1,Matt Higgins,N/A
864,10,16,865,,KudoBanz,Mixed Team,,,,,,1,,150000,10,1500000,0,,,,,,,,,,,,,,,,,,,,,,,0,1,1,0,1,1,1,Matt Higgins,N/A
865,10,16,866,,PoochSelfie,Male,,,,,,0,,100000,20,500000,1,100000,33.3,300300,1,100000,33.3,,,,,,,,,,,100000,33.3,,,,,0,1,1,0,1,1,1,Matt Higgins,N/A
866,10,16,867,,WildEarth,Male,,,,,,0,,550000,5,11000000,1,550000,10,5500000,1,550000,10,,,,,550000,10,,,,,,,,,,,0,1,1,0,1,1,1,Matt Higgins,N/A
867,10,17,868,,SilkRoll,Mixed Team,,,,,,0,,250000,3,8333333,0,,,,,,,,,,,,,,,,,,,,,,,1,1,1,1,0,1,1,No Guest,N/A
868,10,17,869,,PressWaffleCo.,Male,,,,,,1,,200000,8,2500000,1,300000,15,2000000,1,300000,15,,,300000,15,,,,,,,,,,,,,1,1,1,1,0,1,1,No Guest,N/A
869,10,17,870,,PickupPools,Male,,,,,,0,,100000,25,400000,1,100000,33.3,300300,1,100000,33.3,,,,,100000,33.3,,,,,,,,,,,1,1,1,1,0,1,1,No Guest,N/A
870,10,17,871,,Dare-U-GoBib,Female,,,,,,0,,350000,10,3500000,1,350000,35,1000000,1,350000,35,,,350000,35,,,,,,,,,,,,,1,1,1,1,0,1,1,No Guest,N/A
871,10,18,872,,NuchasEmpanada,Male,,NY,,,,0,,2000000,8,25000000,0,,,,,,,,,,,,,,,,,,,,,,,1,1,1,0,1,1,1,No Guest,N/A
872,10,18,873,,CertifiKID,Male,,,,,,1,,500000,6,8333333,0,,,,,,,,,,,,,,,,,,,,,,,1,1,1,0,1,1,1,No Guest,N/A
873,10,18,874,,KangaKoozie,Male,,,,,,1,,100000,10,1000000,1,100000,20,500000,1,100000,20,,,,,100000,20,,,,,,,,,,,1,1,1,0,1,1,1,No Guest,N/A
874,10,18,875,,HAVENLock,Mixed Team,,,,,,1,,600000,8,7500000,1,600000,19,3157895,1,600000,19,,,,,,,,,,,,,600000,19,,,1,1,1,0,1,1,1,No Guest,N/A
875,10,19,876,,Pricetitution,Male,,,,,,0,,100000,20,500000,1,100000,40,250000,2,50000,20,,,50000,20,,,,,,,,,,,50000,20,1,1,1,0,0,1,1,Rohan Oza,N/A
876,10,19,877,,LumaSoda,Male,,,,,,0,,500000,20,2500000,0,,,,,,,,,,,,,,,,,,,,,,,1,1,1,0,0,1,1,Rohan Oza,N/A
877,10,19,878,,Hydroviv,Male,,,,,,0,,400000,10,4000000,1,400000,20,2000000,1,400000,20,,,,,400000,20,,,,,,,,,,,1,1,1,0,0,1,1,Rohan Oza,N/A
878,10,19,879,,Flip-It,Male,,,,,,0,,500000,10,5000000,0,,,,,,,,,,,,,,,,,,,,,,,1,1,1,0,0,1,1,Rohan Oza,N/A
879,10,20,880,,Maven'sCreamery,Female,,,,,,1,,400000,10,4000000,1,400000,25,1600000,1,400000,25,,,400000,25,,,,,,,,,,,,,1,1,1,0,1,1,1,No Guest,N/A
880,10,20,881,,Sapre,Male,,,,,,0,,500000,3.5,14285714,1,500000,14,3571429,1,500000,14,,,,,500000,14,,,,,,,,,,,1,1,1,0,1,1,1,No Guest,N/A
881,10,20,882,,Swoveralls,Male,,,,,,0,,150000,15,1000000,0,,,,,,,,,,,,,,,,,,,,,,,1,1,1,0,1,1,1,No Guest,N/A
882,10,20,883,,Somnifix,Male,,,,,,0,,500000,10,5000000,1,500000,20,2500000,1,500000,20,,,,,500000,20,,,,,,,,,,,1,1,1,0,1,1,1,No Guest,N/A
884,10,21,885,2019-04-28,Basepaws,Female,,,,,,0,4.06,250000,5,5000000,1,250000,10,2500000,2,125000,5,,,,,,,,,125000,5,,,125000,5,,,0,1,1,1,1,1,1,No Guest,N/A
885,10,21,886,2019-04-28,TheBangShack,Male,,,,,,0,4.06,80000,20,400000,0,,,,,,,,,,,,,,,,,,,,,,,0,1,1,1,1,1,1,No Guest,N/A
886,10,21,887,2019-04-28,Kymera,Male,,,,,,0,4.06,250000,5,5000000,1,500000,10,5000000,1,500000,10,,,,,,,,,500000,10,,,,,,,0,1,1,1,1,1,1,No Guest,N/A
887,10,22,888,,DeskView,Male,,,,,,1,,150000,7.5,2000000,1,150000,20,750000,1,150000,20,,,,,,,,,,,,,150000,20,,,1,1,1,1,0,1,1,No Guest,N/A
888,10,22,889,,Saucemoto,Male,,,,,,0,,45000,15,300000,1,45000,25,180000,1,45000,25,,,,,,,,,45000,25,,,,,,,1,1,1,1,0,1,1,No Guest,N/A
889,10,22,890,,DoughP,Female,,CA,,,,0,,450000,10,4500000,0,,,,,,,,,,,,,,,,,,,,,,,1,1,1,1,0,1,1,No Guest,N/A
890,10,22,891,,Cubicall,Male,,,,,,1,,350000,10,3500000,1,350000,25,1400000,1,350000,25,,,350000,25,,,,,,,,,,,,,1,1,1,1,0,1,1,No Guest,N/A
891,10,23,892,2019-05-12,FatShack,Male,,,,,,1,,250000,7.5,3333333,1,250000,15,1666667,1,250000,15,,,,,250000,15,,,,,,,,,,,0,1,1,1,1,1,1,No Guest,N/A
892,10,23,893,2019-05-12,Quickflip,Male,,CA,,,,0,,500000,5,10000000,1,500000,10,5000000,1,500000,10,,,,,,,500000,10,,,,,,,,,0,1,1,1,1,1,1,No Guest,N/A
893,10,23,894,2019-05-12,BatBnB,Male,,,,,,1,,100000,16,625000,1,100000,33.3,300300,1,100000,33.3,,,,,,,,,,,,,100000,33.3,,,0,1,1,1,1,1,1,No Guest,N/A
894,10,23,895,2019-05-12,CoyoteVest,Mixed Team,,,,,,1,,250000,10,2500000,0,,,,,,,,,,,,,,,,,,,,,,,0,1,1,1,1,1,1,No Guest,N/A
895,11,1,896,2019-09-29,Blueland,Mixed Team,,,,,,1,,270000,2,13500000,1,270000,3,9000000,1,270000,3,1,,,,,,,,,,,,270000,3,,,,,,,,,,No Guest,N/A
896,11,1,897,2019-09-29,TaDah!Foods,Male,,,,,,0,,300000,10,3000000,1,500000,25,2000000,1,500000,25,,,,,,,,,,,,,,,500000,25,,,,,,,,No Guest,N/A
897,11,1,898,2019-09-29,Minuscal,Male,,,,,,1,,500000,20,2500000,0,,,,,,,,,,,,,,,,,,,,,,,,,,,,,,No Guest,N/A
898,11,1,899,2019-09-29,BabyToon,Female,,,,,,1,,50000,50,100000,1,50000,50,100000,1,50000,50,1,,,,,,50000,50,,,,,,,,,,,,,,,,No Guest,N/A
899,11,2,900,,BoostOxygen,Male,,,,,,1,,1000000,5,20000000,1,1000000,6.25,16000000,1,1000000,6.25,,1,,,,,,,,,,,1000000,6.25,,,,,,,,,,No Guest,N/A
900,11,2,901,,AtlasMonroe,Mixed Team,,,,,,0,,500000,10,5000000,0,,,,,,,,,,,,,,,,,,,,,,,,,,,,,,No Guest,N/A
901,11,2,902,,CircadianOptics,Female,,,,,,0,,750000,10,7500000,1,750000,20,3750000,2,375000,10,,,,,375000,10,375000,10,,,,,,,,,,,,,,,,No Guest,N/A
902,11,2,903,,FaceYogaWithKoko,Female,,,,,,0,,200000,20,1000000,0,,,,,,,,,,,,,,,,,,,,,,,,,,,,,,No Guest,N/A
904,11,3,905,2019-10-13,Aira,Male,,,,,,1,,500000,7,7142857,1,500000,15,3333333,3,166666.6667,5,,,,,,,166666.6667,5,166666.6667,5,,,166666.6667,5,,,,,,,,,,No Guest,N/A
905,11,3,906,2019-10-13,Baobab,Male,,,,,,1,,150000,10,1500000,0,,,,,,,,,,,,,,,,,,,,,,,,,,,,,,No Guest,N/A
906,11,3,907,2019-10-13,SquidSocks,Mixed Team,,,,,,1,,125000,20,625000,1,125000,33,378788,1,125000,33,,,,,,,,,,,125000,33,,,,,,,,,,,,No Guest,N/A
907,11,4,908,,Snacklins,Male,,,,,,0,,250000,2.5,10000000,1,250000,5,5000000,1,250000,5,,,,,250000,5,,,,,,,,,,,,,,,,,,No Guest,N/A
908,11,4,909,,BugBiteThing,Female,,,,,,0,,150000,10,1500000,1,150000,10,1500000,1,150000,10,,,,,,,150000,10,,,,,,,,,,,,,,,,No Guest,N/A
909,11,4,910,,PlopStar,Male,,,,,,0,,150000,10,1500000,0,,,,,,,,,,,,,,,,,,,,,,,,,,,,,,No Guest,N/A
910,11,4,911,,KnifeAid,Male,,,,,,1,,400000,15,2666667,1,500000,20,2500000,2,250000,10,,,,,,,250000,10,,,,,,,250000,10,,,,,,,,No Guest,N/A
911,11,5,912,,Golfkicks,Male,,,,,,1,,300000,8,3750000,1,300000,13,2307692,1,300000,13,,,,,300000,13,,,,,,,,,,,,,,,,,,No Guest,N/A
912,11,5,913,,Myostorm,Male,,,,,,1,,150000,10,1500000,1,150000,5,3000000,1,150000,5,1,,,,,,150000,5,,,,,,,,,,,,,,,,No Guest,N/A
913,11,5,914,,TailgateNGo,Mixed Team,,,,,,0,,250000,10,2500000,1,250000,20,1250000,1,250000,20,1,,,,,,,,,,,,,,250000,20,,,,,,,,No Guest,N/A
914,11,5,915,,NerditNow,Male,,,,,,1,,150000,20,750000,0,,,,,,,,,,,,,,,,,,,,,,,,,,,,,,No Guest,N/A
915,11,6,916,,EZCPak,Male,,,,,,0,,125000,5,2500000,1,125000,5,2500000,1,125000,5,1,,,,,,,,,,,,125000,5,,,,,,,,,,No Guest,N/A
916,11,6,917,,PiliHunters,Male,,,,,,1,,325000,10,3250000,0,,,,,,,,,,,,,,,,,,,,,,,,,,,,,,No Guest,N/A
917,11,6,918,,Supply,Male,,,,,,1,,300000,10,3000000,1,300000,15,2000000,1,300000,15,,,,,,,,,300000,15,,,,,,,,,,,,,,No Guest,N/A
918,11,6,919,,TheMeasuringShovel,Mixed Team,,,,,,1,,40000,15,266667,1,40000,30,133333,2,20000,15,,,,,,,20000,15,,,,,20000,15,,,,,,,,,,No Guest,N/A
919,11,7,920,,TheYardMilkshakeBar,Mixed Team,,,,,,1,,400000,10,4000000,1,400000,22,1818182,1,400000,22,,,,,400000,22,,,,,,,,,,,,,,,,,,No Guest,N/A
920,11,7,921,,Baubles+Soles,Mixed Team,,,,,,1,,150000,15,1000000,1,150000,25,600000,1,150000,25,,,,,,,,,,,150000,25,,,,,,,,,,,,No Guest,N/A
921,11,7,922,,PeanutButterPump,Male,,,,,,0,,200000,15,1333333,0,,,,,,,,,,,,,,,,,,,,,,,,,,,,,,No Guest,N/A
922,11,7,923,,DogThreads,Mixed Team,,,,,,1,,250000,17,1470588,1,250000,25,1000000,1,250000,25,,,,,250000,25,,,,,,,,,,,,,,,,,,No Guest,N/A
923,11,8,924,,Gallant,Male,,,,,,0,,500000,2,25000000,1,500000,5,10000000,2,250000,2.5,,,,,,,250000,2.5,,,,,,,250000,2.5,,,,,,,,No Guest,N/A
924,11,8,925,,Outer,Male,,,,,,1,,750000,4,18750000,1,750000,5,15000000,1,750000,5,1,1,,,,,750000,5,,,,,,,,,,,,,,,,No Guest,N/A
925,11,8,926,,Mrs.Goldfarb'sUnrealDeli,Female,,,,,,0,,100000,10,1000000,1,250000,20,1250000,1,250000,20,,,,,250000,20,,,,,,,,,,,,,,,,,,No Guest,N/A
926,11,8,927,,Terra-CoreFitness,Mixed Team,,,,,,0,,300000,15,2000000,1,300000,22.5,1333333,1,300000,22.5,,,,,,,300000,22.5,,,,,,,,,,,,,,,,No Guest,N/A
927,11,9,928,,KitLender,Male,,,,,,0,,200000,7,2857143,0,,,,,,,,,,,,,,,,,,,,,,,,,,,,,,No Guest,N/A
928,11,9,929,,Beardaments,Male,,,,,,0,,150000,10,1500000,1,150000,25,600000,1,150000,25,,,,,,,,,,,,,150000,25,,,,,,,,,,No Guest,N/A
929,11,9,930,,EasyTreezy,Male,,,,,,0,,400000,10,4000000,0,,,,,,,,,,,,,,,,,,,,,,,,,,,,,,No Guest,N/A
930,11,9,931,,LittleElfGiftWrapCutter,Male,,,,,,0,,150000,15,1000000,1,150000,20,750000,1,150000,20,,,,,,,150000,20,,,,,,,,,,,,,,,,No Guest,N/A
931,11,10,932,,Flexscreen,Male,,,,,,0,,800000,6,13333333,1,400000,10,4000000,1,400000,10,,1,,,,,400000,10,,,,,,,,,,,,,,,,No Guest,N/A
932,11,10,933,,FortressClothing,Male,,,,,,0,,600000,15,4000000,0,,,,,,,,,,,,,,,,,,,,,,,,,,,,,,No Guest,N/A
933,11,10,934,,SlumberPod,Female,,,,,,1,,400000,20,2000000,1,400000,20,2000000,1,400000,20,,,400000,20,,,,,,,,,,,,,,,,,,,,No Guest,N/A
934,11,10,935,,ZUUM,Male,,,,,,1,,125000,20,625000,0,,,,,,,,,,,,,,,,,,,,,,,,,,,,,,No Guest,N/A
935,11,11,936,,KreyolEssence,Mixed Team,,,,,,1,,400000,10,4000000,1,400000,5,8000000,1,400000,5,1,,,,,,,,,,,,400000,5,,,,,,,,,,No Guest,N/A
936,11,11,937,,LoveSync,Mixed Team,,,,,,1,,100000,10,1000000,0,,,,,,,,,,,,,,,,,,,,,,,,,,,,,,No Guest,N/A
937,11,11,938,,WisePocketProducts,Female,,,,,,0,,30000,15,200000,1,35000,25,140000,2,17500,12.5,,,,,,,17500,12.5,,,17500,12.5,,,,,,,,,,,,No Guest,N/A
938,11,11,939,,WannaDate?,Female,,,,,,0,,100000,20,500000,1,100000,33,303030,1,100000,33,,,,,100000,33,,,,,,,,,,,,,,,,,,No Guest,N/A
939,11,12,940,,Ka-Pop!,Male,,,,,,0,,350000,5,7000000,0,,,,,,,,,,,,,,,,,,,,,,,,,,,,,,No Guest,N/A
940,11,12,941,,GeniusJuice,Male,,,,,,0,,250000,7,3571429,1,500000,25,2000000,2,250000,12.5,,,250000,12.5,250000,12.5,,,,,,,,,,,,,,,,,,No Guest,N/A
941,11,12,942,,"Ready,Set,Food!",Mixed Team,,,,,,1,,350000,7,5000000,1,350000,10,3500000,1,350000,10,,,,,350000,10,,,,,,,,,,,,,,,,,,No Guest,N/A
942,11,12,943,,RapidRope,Mixed Team,,,,,,1,,200000,20,1000000,1,200000,30,666667,1,200000,30,,,200000,30,,,,,,,,,,,,,,,,,,,,No Guest,N/A
943,11,13,944,,Fur,Female,,,,,,1,,500000,2.5,20000000,1,500000,8,6250000,1,500000,8,,,,,,,500000,8,,,,,,,,,,,,,,,,No Guest,N/A
944,11,13,945,,BalaBangles,Mixed Team,,,,,,1,,400000,10,4000000,1,900000,30,3000000,2,450000,15,,,,,450000,15,,,,,,,,,450000,15,,,,,,,,No Guest,N/A
945,11,13,946,,Pips&Bounce,Male,,,,,,1,,500000,10,5000000,0,,,,,,,,,,,,,,,,,,,,,,,,,,,,,,No Guest,N/A
946,11,13,947,,ShakeitPup,Male,,,,,,1,,100000,20,500000,1,100000,25,400000,1,100000,25,,,,,100000,25,,,,,,,,,,,,,,,,,,No Guest,N/A
947,11,14,948,,BabyQuip,Mixed Team,,,,,,1,,500000,5,10000000,0,,,,,,,,,,,,,,,,,,,,,,,,,,,,,,No Guest,N/A
948,11,14,949,,BiteToothpasteBits,Mixed Team,,,,,,1,,325000,5,6500000,0,,,,,,,,,,,,,,,,,,,,,,,,,,,,,,No Guest,N/A
949,11,14,950,,PairEyewear,Mixed Team,,,,,,1,,400000,10,4000000,1,400000,10,400000,2,200000,5,1,,,,,,200000,5,,,,,,,200000,5,,,,,,,,No Guest,N/A
950,11,14,951,,CoconutGirl,Female,,,,,,0,,180000,18,1000000,1,180000,20,900000,1,180000,20,,,,,180000,20,,,,,,,,,,,,,,,,,,No Guest,N/A
951,11,15,952,,Swimply,Male,,,,,,0,,300000,5,6000000,0,,,,,,,,,,,,,,,,,,,,,,,,,,,,,,No Guest,N/A
952,11,15,953,,KidsLuv,Female,,,,,,0,,200000,8,2500000,0,,,,,,,,,,,,,,,,,,,,,,,,,,,,,,No Guest,N/A
953,11,15,954,,Bertello,Male,,,,,,1,,120000,10,1200000,1,120000,25,480000,1,120000,25,,,,,,,,,,,,,120000,25,,,,,,,,,,No Guest,N/A
954,11,15,955,,TheSpaceTraveler,Female,,,,,,1,,100000,33.3,300300,1,100000,33.3,300300,1,100000,33.3,1,,100000,33.3,,,,,,,,,,,,,,,,,,,,No Guest,N/A
955,11,16,956,,Bohana,Female,,,,,,0,,200000,10,2000000,1,200000,8,1840000,1,200000,8,,1,,,,,,,,,,,200000,8,,,,,,,,,,No Guest,N/A
956,11,16,957,,BohoCamperVans,Male,,,,,,1,,300000,10,3000000,1,150000,10,1500000,1,150000,10,,1,150000,10,,,,,,,,,,,,,,,,,,,,No Guest,N/A
957,11,16,958,,Grouphug,Female,,,,,,0,,150000,10,1500000,1,150000,25,600000,1,150000,25,,,,,150000,25,,,,,,,,,,,,,,,,,,No Guest,N/A
958,11,16,959,,SafetyNailer,Male,,,,,,0,,100000,14,714286,1,100000,33,303030,3,33333.33333,11,,,,,33333.33333,11,33333.33333,11,,,,,,,33333.33333,11,,,,,,,,No Guest,N/A
959,11,17,960,,Goumi,Female,,,,,,1,,1000000,8,12500000,1,1000000,10,11250000,1,1000000,10,,1,,,,,,,,,,,1000000,10,,,,,,,,,,No Guest,N/A
960,11,17,961,,PastabyHudson,Male,,,,,,0,,150000,10,1500000,1,150000,30,500000,2,75000,15,,,,,75000,15,75000,15,,,,,,,,,,,,,,,,No Guest,N/A
961,11,17,962,,CritterPricker,Male,,,,,,0,,115000,15,766667,1,115000,15,766667,1,115000,15,1,,,,,,,,,,,,115000,15,,,,,,,,,,No Guest,N/A
962,11,17,963,,TheFrozenFarmer,Female,,,,,,0,,125000,20,625000,1,125000,30,416667,1,125000,30,,,,,,,125000,30,,,,,,,,,,,,,,,,No Guest,N/A
963,11,18,964,,BadBirdie,Male,,,,,,0,,300000,10,3000000,1,300000,20,1500000,1,300000,20,,,,,,,,,300000,20,,,,,,,,,,,,,,No Guest,N/A
964,11,18,965,,Beddley,Female,,,,,,0,,150000,10,1500000,0,,,,,,,,,,,,,,,,,,,,,,,,,,,,,,No Guest,N/A
965,11,18,966,,Muvez,Male,,,,,,1,,200000,15,1333333,1,200000,25,800000,1,200000,25,,,,,,,,,,,200000,25,,,,,,,,,,,,No Guest,N/A
966,11,18,967,,PrepWellAcademy,Male,,,,,,0,,100000,20,500000,0,,,,,,,,,,,,,,,,,,,,,,,,,,,,,,No Guest,N/A
967,11,19,968,,JustTheCheese,Male,,,,,,0,,500000,5,10000000,0,,,,,,,,,,,,,,,,,,,,,,,,,,,,,,No Guest,N/A
968,11,19,969,,Neuro,Male,,,,,,1,,750000,5,15000000,0,,,,,,,,,,,,,,,,,,,,,,,,,,,,,,No Guest,N/A
969,11,19,970,,FirstSaturdayLime,Mixed Team,,,,,,1,,100000,10,1000000,1,100000,25,400000,1,100000,25,,,,,,,,,,,,,100000,25,,,,,,,,,,No Guest,N/A
970,11,19,971,,SeriouslySlime,Female,,,,,,1,,90000,15,600000,0,,,,,,,,,,,,,,,,,,,,,,,,,,,,,,No Guest,N/A
975,11,21,976,,Proven,Female,,,,,,0,,500000,5,10000000,0,,,,,,,,,,,,,,,,,,,,,,,,,,,,,,No Guest,N/A
976,11,21,977,,Tanoshi,Male,,,,,,1,,500000,8,6250000,1,500000,20,2500000,1,500000,20,,,,,,,,,,,500000,20,,,,,,,,,,,,No Guest,N/A
977,11,21,978,,UnbuckleMe,Female,,,,,,1,,100000,10,1000000,1,100000,20,500000,2,50000,10,,,,,50000,10,50000,10,,,,,,,,,,,,,,,,No Guest,N/A
978,11,21,979,,VanRobotics,Female,,,,,,0,,300000,10,3000000,0,,,,,,,,,,,,,,,,,,,,,,,,,,,,,,No Guest,N/A
979,11,22,980,,LordVonSchmitt,Male,,,,,,0,,100000,10,1000000,0,,,,,,,,,,,,,,,,,,,,,,,,,,,,,,No Guest,N/A
980,11,22,981,,PottySafe,Mixed Team,,,,,,1,,50000,15,333333,1,50000,20,250000,1,50000,20,,,,,,,50000,20,,,,,,,,,,,,,,,,No Guest,N/A
981,11,22,982,,ToughTie,Male,,,,,,1,,100000,15,666667,1,100000,35,285714,1,100000,35,,,,,,,,,100000,35,,,,,,,,,,,,,,No Guest,N/A
982,11,22,983,,DadWare,Male,,,,,,0,,100000,20,500000,0,,,,,,,,,,,,,,,,,,,,,,,,,,,,,,No Guest,N/A
983,11,23,984,,Salted,Male,,,,,,0,,500000,5,10000000,0,,,,,,,,,,,,,,,,,,,,,,,,,,,,,,No Guest,N/A
984,11,23,985,,MCSquares,Male,,,,,,0,,300000,10,3000000,1,300000,25,1200000,1,300000,25,,,,,,,,,,,,,300000,25,,,,,,,,,,No Guest,N/A
985,11,23,986,,SlateChocolateMilk,Male,,,,,,1,,400000,10,4000000,0,,,,,,,,,,,,,,,,,,,,,,,,,,,,,,No Guest,N/A
986,11,23,987,,RescueReady,Male,,,,,,1,,75000,15,500000,0,,,,,,,,,,,,,,,,,,,,,,,,,,,,,,No Guest,N/A
987,11,24,988,2020-05-15,YellowLeafHammocks,Mixed Team,,,,,,1,4.55,400000,7,5714286,1,1000000,25,4000000,1,1000000,25,,,,,,,,,,,,,,,1000000,25,,,,,,,,No Guest,N/A
988,11,24,989,2020-05-15,DreamlandBaby,Female,,,,,,0,4.55,100000,10,1000000,1,100000,22.5,444444,1,100000,22.5,,,,,,,100000,22.5,,,,,,,,,,,,,,,,No Guest,N/A
989,11,24,990,2020-05-15,RollinGreens,Mixed Team,,,,,,1,4.55,500000,10,5000000,1,500000,20,2500000,1,500000,20,,,,,,,,,500000,20,,,,,,,,,,,,,,No Guest,N/A
990,11,24,991,2020-05-15,TheMadOptimist,Male,,,,,,1,4.55,60000,10,600000,1,60000,20,300000,1,60000,20,,,,,60000,20,,,,,,,,,,,,1,1,1,,,,No Guest,N/A
998,12,2,999,,PNuffCrunch,,,,,Juan Salinas,www.pnuff.com,0,3.9,300000,10,3000000,1,400000,25,1600000,1,400000,25,,,,,400000,25,,,,,,,,,,,,,,,,,,No Guest,N/A