,season_number,episode_number,startup_name,pitch_order
0,1,1,AvaTheElephant,
1,1,1,Mr.Tod'sPieFactory,
2,1,1,Wispots,
3,1,1,CollegeFoxesPackingBoxes,
4,1,1,IonicEar,
5,1,2,APerfectPear,
6,1,2,ClassroomJams,
7,1,2,Lifebelt,
8,1,2,CrookedJaw,
9,1,2,StickyNoteHolder,
10,1,3,TurboBaster,
11,1,3,StressFreeKids,
12,1,3,KwyztaChopstickArt,
13,1,3,50StateCapitalsin50Minutes,
14,1,3,VoyageAirGuitar,
15,1,4,GiftCardRescue,
16,1,4,Coverplay,
17,1,4,GraffitiRemovalServices,
18,1,4,SoulsCalling,
19,1,4,CoffeeBrandGifts,
20,1,5,MyTherapyJournal,
21,1,5,BodyJac,
22,1,5,GoodGriefCelebrations,
23,1,5,GranolaGourmet,
24,1,5,FaceBlok,
25,1,6,PorkBarrelBBQSauce,
26,1,6,ElementBars,
27,1,6,UndereaseUnderwear,
28,1,6,KalyxTechnologies,
29,1,6,TheFizz,
30,1,7,Soy-Yer-Dough,
31,1,7,GrillCharmsSet,
32,1,7,BoogieBoxFitness,
33,1,7,TheFunhouseProject,
34,1,8,TreasureChestPets,
35,1,8,Notehall,
36,1,8,Throx,
37,1,8,WashedUpHollywood,
38,1,9,GaylaBentleyFashion,
39,1,9,ChillSoda,
40,1,9,CornucopiaExpress,
41,1,9,VirtuSphere,
42,1,10,TheUROClub,
43,1,10,JumpForward,
44,1,10,TheBobblePlace,
45,1,10,Mr.Poncho,
46,1,11,HellsBellsHelmets,
47,1,11,ChefInBlack,
48,1,11,InkFlip,
49,1,11,RompN'Roll,
50,1,11,TheTwister,
51,1,12,GreaseMonkeyWipes,
52,1,12,WeeCanShop,
53,1,12,Podillow,
54,1,12,TheFactionist,
55,1,13,Caffeindicator,
56,1,13,LipstickRemix,
57,1,13,LegalGrind,
58,1,13,CaptainIceCream,
59,1,14,Nubrella,
60,1,14,Qubits,
61,1,14,SendABall,
62,1,14,PillarsOfSlippers,
63,1,14,LlamaBrew,
64,2,1,WurkinStiffs,
65,2,1,TippiToes,
66,2,1,CBSFoods,
67,2,1,CopadiVino,
68,2,2,Toygaroo,
69,2,2,FirstDefenseNasalScreen,
70,2,2,Vurtego,
71,2,2,Waken'Bacon,
72,2,3,ModMomFurniture,
73,2,3,Flipoutz,
74,2,3,FitnessStride,
75,2,3,PureAyre,
76,2,4,BroccoliWad,
77,2,4,HillbillyBrand,
78,2,4,Ride-OnCarry-On,
79,2,4,UncleZip'sBeefJerky,
80,2,5,Lightfilm,
81,2,5,FridgeFronts,
82,2,5,NewEraBrands,
83,2,5,ThinGloss,
84,2,6,SweepEasy,
85,2,6,DaisyCakes,
86,2,6,HotMamaGowns,
87,2,6,CaddySwag,
88,2,7,Hydromax,
89,2,7,CarsikBib,
90,2,7,Ecomowers,
91,2,7,Games2U,
92,2,8,HyConn,
93,2,8,Origaudio,
94,2,8,ManCandle,
95,2,8,OriginalRunnerCompany,
96,2,9,AldoOrtaJewelry,
97,2,9,OneSole,
98,2,9,CitiKitty,
99,2,9,SamsonMartin,
100,3,1,EZVIP,
101,3,1,TheCleanBottle,
102,3,1,MyWonderfulLife,
103,3,1,BusinessGhost,
104,3,2,IWantToDrawACatForYou,
105,3,2,Salespreneur,
106,3,2,Invis-A-Rack,
107,3,2,VegasMagicShow,
108,3,3,YouSmellSoap,
109,3,3,ChordBuddy,
110,3,3,LiquidMoney,
111,3,3,TailLightz,
112,3,4,WineBalloon,
113,3,4,ShowNo,
114,3,4,TheSwilt,
115,3,4,PuppyCake,
116,3,5,TheLastLid,
117,3,5,TalbottTeas,
118,3,5,M3GirlDesigns,
119,3,5,LedgePillow,
120,3,6,ReaderestSpecsecure,
121,3,6,ThePaintedPretzel,
122,3,6,EssoWatches,
123,3,6,FiveMinuteFurniture,
124,3,7,Kisstixx,
125,3,7,TheSmartBaker,
126,3,7,ScotteVest,
127,3,7,TheHeatHelper,
128,3,8,Litter,
129,3,8,Nardo'sNatural,
130,3,8,TheOriginalProfender,
131,3,8,Rent-A-Grandma,
132,3,9,TowerPaddleBoards,
133,3,9,MisoMedia,
134,3,9,InstantLifts,
135,3,9,Vinamor,
136,3,10,GoGoGear,
137,3,10,TheAveVenice,
138,3,10,Brewer'sCow,
139,3,10,Bark'em'sToGo,
140,3,11,ViewSport,
141,3,11,BlondiesCookies,
142,3,11,CopadiVino,
143,3,11,TheSullivanGenerator,
144,3,12,Lollacup,
145,3,12,NailPak,
146,3,12,DebbieBrooksHandbags,
147,3,12,TrimiTank,
148,3,13,VillyCustoms,
149,3,13,BootIllusions,
150,3,13,AirBedz,
151,3,13,Skyride,
152,3,14,DanceWithMe,
153,3,14,WildSquirrelNutButter,
154,3,14,MixBikini,
155,3,14,Cab20RockBand,
156,3,15,RemyxxReKixxSneakers,
157,3,15,UniKeyTechnologies,
158,3,15,TheNitroForceTitan1000,
159,3,15,CougarLimited,
160,4,1,BevBuckle,
161,4,1,BuggyBeds,
162,4,1,CoatChex,
163,4,1,BodyWalking,
164,4,2,SurfSetFitness,
165,4,2,CATEapp,
166,4,2,AlphaM,
167,4,2,eCreamery,
168,4,3,RockBands,
169,4,3,PostureNow,
170,4,3,FuzziBunz,
171,4,3,LizLovelyCookies,
172,4,4,BagBowl,
173,4,4,Back9Dips,
174,4,4,LifterHamper,
175,4,4,Zomm,
176,4,5,CozyBug,
177,4,5,MarzSprays,
178,4,5,WiredWaffles,
179,4,5,TheSpatty,
180,4,6,PRO-NRG,
181,4,6,CousinsMaineLobster,
182,4,6,FreakerUSA,
183,4,6,EcoNutsSoap,
184,4,7,SBU,
185,4,7,ScrubDaddy,
186,4,7,TheShemie,
187,4,7,TheBear&TheRat,
188,4,8,TheCoolWazoo,
189,4,8,PlateTopper,
190,4,8,NoFlyCone,
191,4,9,DriveSuits,
192,4,9,IceChipsCandy,
193,4,9,ReVestor,
194,4,9,PCClassesOnline,
195,4,10,RuckPack,
196,4,10,NearlyNewlywed,
197,4,10,TieTry,
198,4,10,CorksAway,
199,4,11,TheLivingChristmasCompany,
200,4,11,TheCoop,
201,4,11,PartiePoche,
202,4,11,FatAssFudge,
203,4,12,HotTot,
204,4,12,TheGameFaceCompany,
205,4,12,DuraTent,
206,4,12,ARKEG,
207,4,13,CoffeeJoulies,
208,4,13,TeddyNeedsABath,
209,4,13,Urbio,
210,4,13,SubZeroIceCream,
211,4,14,SoundBender,
212,4,14,Bibitec,
213,4,14,CuddleTunes,
214,4,14,XeroShoes,
215,4,15,HoodiePillow,
216,4,15,GetGrinds,
217,4,15,GreenGarmento,
218,4,15,MyColdSnap,
219,4,16,SmartWheel,
220,4,16,How Do You Roll?,
221,4,16,GottaHaveS'More,
222,4,16,PrettyPaddedRoom,
223,4,17,Addison'sWonderland,
224,4,17,HipChixs,
225,4,17,ProofEyeWear,
226,4,17,MuddyWaterCamo,
227,4,18,JeskaShoeCompany,
228,4,18,Nuts'nMore,
229,4,18,NeoInnovations,
230,4,18,PSIBands,
231,4,19,CordaRoy's,
232,4,19,Lose12Inches,
233,4,19,BabyLovesDisco,
234,4,19,CellHelmet,
235,4,20,CoolWraps,
236,4,20,SimpleSugarScrubs,
237,4,20,DropStop,
238,4,20,TraditionalFisheries,
239,4,21,GobieH20,
240,4,21,LiddUp,
241,4,21,Rootsuit,
242,4,21,EchoValleyMeats,
243,4,22,WickedGoodCupCakes,
244,4,22,TheMissionBelt,
245,4,22,ShellBobbers,
246,4,22,TremontElectric,
247,4,23,Mee-Ma'sGumbo,
248,4,23,MistoBox,
249,4,23,VermontButcherBlock,
250,4,23,SquirrelBoss,
251,4,24,PinkShutterPhotoBooths,
252,4,24,KaZAM,
253,4,24,Baby'sBadassBurgers,
254,4,24,TrackDays,
255,4,25,StellaValle,
256,4,25,GeekChic,
257,4,25,LugLess,
258,4,25,JonesScones,
259,4,26,Ryan'sBarkery,
260,4,26,VerbalizeIt,
261,4,26,TomnChee,
262,4,26,ThreeDayRule,
263,5,1,SweetBallz,
264,5,1,PostcardOnTheRun,
265,5,1,Lynnae'sGourmetPickles,
266,5,1,RoloDoc,
267,5,2,Kane&Couture,
268,5,2,Breathometer,
269,5,2,MangoMango,
270,5,2,ManMedals,
271,5,3,Freeloader,
272,5,3,RapidRamenCooker,
273,5,3,FairyTaleWishes,
274,5,3,KooknKap,
275,5,4,ScreenMend,
276,5,4,Hamboards,
277,5,4,SundayNightSlowJams,
278,5,4,Scan,
279,5,5,VeggieMamaGardenPops,
280,5,5,RuffleButts-RuggedButts,
281,5,5,BareEase,
282,5,5,RentAGoat,
283,5,6,TotalMerchantResources,
284,5,6,TenThirtyOneProductions,
285,5,6,FiberFix,
286,5,6,ElephantChat,
287,5,7,180Cup,
288,5,7,Tree-T-Pee,
289,5,7,BetterLife,
290,5,7,KymeraBodyBoard,
291,5,8,PaparazziProposals,
292,5,8,SchulziesBreadPudding,
293,5,8,BellyBuds,
294,5,8,PetPaint,
295,5,9,SurpriseRide,
296,5,9,Slawsa,
297,5,9,DoorBot,
298,5,9,MagicMoments,
299,5,10,Grace&Lace,
300,5,10,Yubo,
301,5,10,PurseCase,
302,5,10,Chocomize,
303,5,11,De-BonedBabyBackRibSteak,
304,5,11,SpiritHoods,
305,5,11,FoHawx,
306,5,11,VirtuixOmni,
307,5,12,TipsyElves,
308,5,12,OneLifeProducts,
309,5,12,CashmereHair,
310,5,12,Lite-Netics,
311,5,13,GrooveBook,
312,5,13,TheWallDoctoRX,
313,5,13,BounceBootCamp,
314,5,13,EyeBloc,
315,5,14,LockerBones,
316,5,14,InvisiPlug,
317,5,14,BalloonDistractions,
318,5,14,AlaskaGlacialMudCo.,
319,5,15,SwimZip,
320,5,15,FreshlyPicked,
321,5,15,FitDeck,
322,5,15,LifeCaps,
323,5,16,TheCookieDoughCafe,
324,5,16,Cycloramic,
325,5,16,Nexersys,
326,5,16,CowWowCerealMilk,
327,5,17,SpyEscapeAndEvasion,
328,5,17,SouthernCultureArtisanFoods,
329,5,17,DDPYoga,
330,5,17,Moberi,
331,5,18,Bambooee,
332,5,18,Buzzy4Shots,
333,5,18,ZipIt,
334,5,18,Cheek'd,
335,5,19,U-Lace,
336,5,19,RevoLights,
337,5,19,SqueekyKnees,
338,5,19,TheBufferBit,
339,5,20,Henry'sHumdingers,
340,5,20,BooBooGoo,
341,5,20,iReTron,
342,5,20,DefineBottle,
343,5,21,PackbackBooks,
344,5,21,Chapul,
345,5,21,GarageDoorLock,
346,5,21,MorningHead,
347,5,22,Plated,
348,5,22,MonkeyMat,
349,5,22,ThePaintBrushCover,
350,5,22,KodiakCakes,
351,5,23,VelocitySigns,
352,5,23,HappyFeet,
353,5,23,HoldYourHaunches,
354,5,23,LordNutLevington,
355,5,24,FunTimeExpress,
356,5,24,PowerPot,
357,5,24,QuickstopFireSprinklerTools,
358,5,24,TaylorRobinsonMusic,
359,5,25,ZooBean,
360,5,25,iLumi,
361,5,25,FortMagic,
362,5,25,Intelli-StopperTechnology,
363,5,26,RuggedManiac,
364,5,26,CerebralSuccess,
365,5,26,Mo'sBows,
366,5,26,Crio,
367,5,27,Angellift,
368,5,27,HangEase,
369,5,27,TheBouqsCompany,
370,5,27,SustyParty,
371,5,28,OruKayak,
372,5,28,BonAffair,
373,5,28,Cinnaholic,
374,5,28,HargittMarineServices,
375,5,29,FootFairy,
376,5,29,BZbox,
377,5,29,Tie-Not,
378,5,29,Baker'sEdge,
379,6,1,SleepingBaby,
380,6,1,Bombas,
381,6,1,Hammer&Nails,
382,6,1,Amber,
383,6,2,Kronos,
384,6,2,Roominate,
385,6,2,TheFloatingMugCo.,
386,6,2,WeddingWagon,
387,6,3,HeartPup,
388,6,3,SoapSox,
389,6,3,NinjaCards,
390,6,3,DrumPants,
391,6,4,PaperBoxPilots,
392,6,4,Reviver,
393,6,4,FunCakesRental,
394,6,4,TableJacks,
395,6,5,TheRedDressBoutique,
396,6,5,SunStaches,
397,6,5,JungleJumpaRoo,
398,6,5,TheCaddyGirls,
399,6,6,Honeyfund,
400,6,6,BeatBoxBeverages,
401,6,6,OilerieUSA,
402,6,6,EmergenSee,
403,6,7,MyselfBelts,
404,6,7,Titin,
405,6,7,SingTrix,
406,6,7,Beardbrand,
407,6,8,TheNaturalGrip,
408,6,8,BottleBreacher,
409,6,8,Man-Pack,
410,6,8,PriorityOneCanine,
411,6,9,HeidiHo,
412,6,9,SquattyPotty,
413,6,9,Pipsnacks,
414,6,9,StormStoppers,
415,6,10,MagicCook,
416,6,10,EarthLog,
417,6,10,KitchenSafe,
418,6,10,OffTheCob,
419,6,11,Biaggi,
420,6,11,GamedayCouture,
421,6,11,Zipz,
422,6,11,SoapsWashesAndGroomingEssentials,
423,6,12,HoppyPaws,
424,6,12,Q-Flex,
425,6,12,TheMenschOnABench,
426,6,12,EveDrop,
427,6,13,BantamBagels,
428,6,13,Doorman,
429,6,13,SkinnyShirt,
430,6,13,CoffeeMeetsBagel,
431,6,14,Evrewares,
432,6,14,BottleBright,
433,6,14,Scratch&GrainBakingCo,
434,6,14,Vestpakz,
435,6,15,TurboPUP,
436,6,15,Lumio,
437,6,15,BelloVerde,
438,6,15,Napwell,
439,6,16,GreenBox,
440,6,16,Phonesoap,
441,6,16,Victoria'sKitchen,
442,6,16,TycoonRealEstate,
443,6,17,FreshPatch,
444,6,17,DrainStrain,
445,6,17,BalmChickyBalmBalm,
446,6,17,BedJet,
447,6,18,BeverageBoy,
448,6,18,FunBites,
449,6,18,TheLipBar,
450,6,18,HimalayanDogChew,
451,6,19,Boobypack,
452,6,19,GoldRushNuggetBucket,
453,6,19,SsekoDesigns,
454,6,19,Lumi,
455,6,20,LuminAid,
456,6,20,Scholly,
457,6,20,KeenHome,
458,6,20,TaalumaTotes,
459,6,21,CocoJack,
460,6,21,BedRyder,
461,6,21,FrillClothing,
462,6,21,TwinZPillow,
463,6,22,EchoValleyMeats,
464,6,22,EmazingLights,
465,6,22,AquaVault,
466,6,22,Naja,
467,6,23,BeeSweetLemonade,
468,6,23,BrandYourself,
469,6,23,iCPooch,
470,6,23,TheHomeT,
471,6,24,Budsies,
472,6,24,BeeThinking,
473,6,24,PullyPalz,
474,6,24,Forus,
475,6,25,NeatCheeks,
476,6,25,MelniConnectors,
477,6,25,BeneathTheInk,
478,6,25,PittMoss,
479,6,26,ZinePak,
480,6,26,SnagaStool,
481,6,26,BuckMason,
482,6,26,Noene,
483,6,27,AirCar,
484,6,27,PaleoDietFoods,
485,6,27,WorldRecordStriperCompany,
486,6,27,Frameri,
487,6,28,ZoomInteriors,
488,6,28,SunscreenMist,
489,6,28,SynDaverLabs,
490,6,28,YouKickAss,
491,6,29,SharkWheel,
492,6,29,GatoCafe,
493,6,29,SwayMotorsports,
494,6,29,Spikeball,
495,7,1,TheBeebo,
496,7,1,Acton,
497,7,1,McClaryBrothersDrinkingVinegars,
498,7,1,SignalVault,
499,7,2,O'DangHummus,
500,7,2,Splikity,
501,7,2,MikkiBey,
502,7,2,Loliware,
503,7,3,FootCardigan,
504,7,3,ValPark,
505,7,3,TheTwoGuysBowtieCompany,
506,7,3,Nerdwax,
507,7,4,Table87,
508,7,4,EZPeeZ,
509,7,4,Milk+Brookies,
510,7,4,DudeWipes,
511,7,5,ThreeJerksJerky,
512,7,5,TheSkinnyMirror,
513,7,5,SwitchWitch,
514,7,5,XCraft,
515,7,6,RentLikeAChampion,
516,7,6,Hotshot,
517,7,6,Windcatcher,
518,7,6,StemCenterUSA,
519,7,7,WinkFrozenDesserts,
520,7,7,SavvyNaturals,
521,7,7,CleanCube,
522,7,7,SimplyFitBoard,
523,7,8,AFreshSheet,
524,7,8,Unshrinkit,
525,7,8,GripClean,
526,7,8,PolarPro,
527,7,9,AdvancedSportsTechnology,
528,7,9,BraziBites,
529,7,9,Umano,
530,7,9,SockTabs,
531,7,10,LeauxRacingTrikes,
532,7,10,GlowRecipe,
533,7,10,SarahOliverHandbags,
534,7,10,Trunkster,
535,7,11,GeekMyTree,
536,7,11,BeardHead,
537,7,11,Lovepop,
538,7,11,PiperWai,
539,7,12,AbsProteinPancakes,
540,7,12,ExtremeSandbox,
541,7,12,TotalTieKeep,
542,7,12,FireAvert,
543,7,13,Spretz,
544,7,13,HungryHarvest,
545,7,13,ControlledChaos,
546,7,13,EZPZ,
547,7,14,Fixed,
548,7,14,HatchBaby,
549,7,14,VillageScholarships,
550,7,14,BeardKing,
551,7,15,Shefit,
552,7,15,Co.alition,
553,7,15,icybreeze,
554,7,15,2400Expert,
555,7,16,R.Riveter,
556,7,16,Beartek,
557,7,16,MajorMom,
558,7,16,CombatFlipFlops,
559,7,17,SmartPlate,
560,7,17,BeeFreeHonee,
561,7,17,FloatBaby,
562,7,17,MTAILOR,
563,7,18,Sworkit,
564,7,18,CleanSleep,
565,7,18,tutublue,
566,7,18,Nohbo,
567,7,19,Insta-Fire,
568,7,19,CustardStandHotDogChili,
569,7,19,PRx,
570,7,19,RagstoRaches,
571,7,20,BetterBack,
572,7,20,GlaceCryotherapy,
573,7,20,Linka,
574,7,20,Teaspresso,
575,7,21,MobCraft,
576,7,21,Beloved,
577,7,21,IlumiBowl,
578,7,21,InnovationPet,
579,7,22,BeerBlizzard,
580,7,22,Vengo,
581,7,22,TheGoodPromise,
582,7,22,Wondercide,
583,7,23,PrideBites,
584,7,23,Trobo,
585,7,23,NoPhone,
586,7,23,Coolbox,
587,7,24,Petnostics,
588,7,24,Frends,
589,7,24,Popslate,
590,7,24,SlydeHandboards,
591,7,25,TheDripDrop,
592,7,25,Jarrett&RajaProductions,
593,7,25,KidRunner,
594,7,25,InchBug,
595,7,26,FashionTap,
596,7,26,brellabox,
597,7,26,MyFruityFaces,
598,7,26,brightwheel,
599,7,27,dollopgourmet,
600,7,27,Creaproducts,
601,7,27,YourselfExpression,
602,7,27,TheSpooner,
603,7,28,CampNoCounselors,
604,7,28,EVPExtremeVehicleProtection,
605,7,28,GladiatorLacrosse,
606,7,28,VPCABS,
607,7,29,PeteAndPedro,
608,7,29,PMSBites,
609,7,29,Felt,
610,7,29,Pavlok,
611,8,1,Fizzics,
612,8,1,SpoonfulofComfort,
613,8,1,iSlide,
614,8,1,Rethink,
615,8,2,TheLapelProject,
616,8,2,GoodHangups,
617,8,2,IceAgeMeals,
618,8,2,Tactibite,
619,8,3,RaisingWild,
620,8,3,TheCookieKahuna,
621,8,3,TekDry,
622,8,3,NightRunner270,
623,8,4,Solemates,
624,8,4,AtlanticCandies,
625,8,4,biem,
626,8,4,AngelsandTomboys,
627,8,5,SandiLakeClothing,
628,8,5,ParkerMapleFarm,
629,8,5,SafeGrabs,
630,8,5,SiliDogs,
631,8,6,LuluBang,
632,8,6,Unpack,
633,8,6,sunscreeenr,
634,8,6,PotatoParcel,
635,8,7,EcoFlower,
636,8,7,StyleClub,
637,8,7,SafeCatch,
638,8,7,#besomebody,
639,8,8,MilkSnob,
640,8,8,Jack'sStands&Marketplaces,
641,8,8,Chi'lantro,
642,8,8,Toor,
643,8,9,PupBox,
644,8,9,BarbellApparel,
645,8,9,energybits,
646,8,9,LineCutterz,
647,8,10,Inboard,
648,8,10,petplate,
649,8,10,Nootrobox,
650,8,10,nomiku,
651,8,11,SealedbySanta,
652,8,11,Polyglide,
653,8,11,Digiwrap,
654,8,11,HandOutGloves,
655,8,12,PDXPetDesign,
656,8,12,BasicOutfitters,
657,8,12,VictoryCoffees,
658,8,12,NaturallyPerfectDolls,
659,8,13,GreaseBags,
660,8,13,Pinblock,
661,8,13,Mama'sMilkBox,
662,8,13,nicepipes,
663,8,14,Chirps,
664,8,14,Vibes,
665,8,14,PopUpPlay,
666,8,14,Getaway,
667,8,15,Kooler,
668,8,15,LittleNomad,
669,8,15,RinseKit,
670,8,15,Dbestproducts,
671,8,16,Tranquilo,
672,8,16,DocSpartan,
673,8,16,PeacefulFruits,
674,8,16,FirefighterTurnoutBags,
675,8,17,Toymail,
676,8,17,EDNWallGarden,
677,8,17,HotelsByDay,
678,8,17,Bitsbox,
679,8,18,SandCloud,
680,8,18,OraOrganics,
681,8,18,DartDrones,
682,8,18,elephantpants,
683,8,19,TheSleepStyler,
684,8,19,BlentiqueWineCompany,
685,8,19,MealEnders,
686,8,19,Rareform,
687,8,20,ApolloPeak,
688,8,20,seedsheet,
689,8,20,cropsticks,
690,8,20,UnderTheWeather,
691,8,21,GuardLlama,
692,8,21,Flag,
693,8,21,Validated,
694,8,21,GuardianBikes,
695,8,22,Goverre,
696,8,22,SeeRescueStreamer,
697,8,22,BootyQueenApparel,
698,8,22,LocTote,
699,8,23,ThompsonTee,
700,8,23,WalletBuckle,
701,8,23,RumiSpice,
702,8,23,PeoplesDesign,
703,8,24,Wine&Design,
704,8,24,RocketBook,
705,8,24,LaidBrand,
706,8,24,BridalBuddy,
707,9,1,LockerBoard,
708,9,1,WypAviation,
709,9,1,SierraMadreResearch,
710,9,1,SimpleHabit,
711,9,2,Seventy2,
712,9,2,Jackson'sHonest,
713,9,2,QBall,
714,9,2,trippie,
715,9,3,Firdgetland,
716,9,3,EnsoRings,
717,9,3,ThirdWaveWater,
718,9,3,Tanglepets,
719,9,4,DelightedByHummus,
720,9,4,Solemender,
721,9,4,IceShaker,
722,9,4,benjilock,
723,9,5,Ash&Anvil,
724,9,5,Mirmir,
725,9,5,Kwik-hang,
726,9,5,H3oSports,
727,9,6,NovelEffect,
728,9,6,FatherFigure,
729,9,6,DrainWig,
730,9,6,BrazynLife,
731,9,7,GeoOrbital,
732,9,7,Qeepsake,
733,9,7,WaiveCar,
734,9,7,Pearachute,
735,9,8,NoMo-Stach,
736,9,8,Snoofybee,
737,9,8,DreamPad,
738,9,8,SnarkyTea,
739,9,9,BrilliantPad,
740,9,9,Bravo,
741,9,9,HoopMaps,
742,9,9,Glovestix,
743,9,10,Grypmat,
744,9,10,DNASimple,
745,9,10,Robin,
746,9,10,SmartGurlz,
747,9,11,ReelyHookedFishCo.,
748,9,11,TheCutBuddy,
749,9,11,Slumberkins,
750,9,11,ProntoBev,
751,9,12,Hater,
752,9,12,CocoTaps,
753,9,12,EverlyWell,
754,9,12,Mush,
755,9,13,TheOriginalComfy,
756,9,13,ChristmasTreeHugger,
757,9,13,RokBlok,
758,9,13,ModernChristmasTrees,
759,9,14,Frywall,
760,9,14,EllipticalStroller,
761,9,14,Inirv,
762,9,14,birddogs,
763,9,15,iFork,
764,9,15,Stasher,
765,9,15,Recharj,
766,9,15,Detrapel,
767,9,16,Joe'sGourmetFishFry,
768,9,16,GoatPetProducts,
769,9,16,DudeRobe,
770,9,16,TheLongHairs,
771,9,17,Alice'sTable,
772,9,17,Zup,
773,9,17,BoobieBar,
774,9,17,Pandaloon,
775,9,18,RounderBum,
776,9,18,BrushHero,
777,9,18,Savy,
778,9,18,GuzzleBuddy,
779,9,19,ThePop,
780,9,19,BouquetBar,
781,9,19,TheWingman,
782,9,19,Zuvaa,
783,9,20,TheDoughBar,
784,9,20,ShowerPill,
785,9,20,ChangEd,
786,9,20,SnapClips,
787,9,21,Sap!,
788,9,21,Radiate,
789,9,21,Petrol,
790,9,21,Everytable,
791,9,22,GunnarOptiks,
792,9,22,Avocaderia,
793,9,22,Solsource,
794,9,22,Sunnova,
795,9,23,EggMazing,
796,9,23,Hugo'sAmazingTape,
797,9,23,Coolpeds,
798,9,23,Coinout,
799,9,24,Bermie's,
800,9,24,LaceYourFace,
801,9,24,OAFoods,
802,9,24,Thrive+,
803,10,1,FinalStraw,
804,10,1,BearBowl,
805,10,1,Le-Glue,
806,10,1,Boxlock,
807,10,2,Sanaía,
808,10,2,LugBug,
809,10,2,Ta-TaTowels,
810,10,2,ShedDefender,
811,10,3,Soupergirl,
812,10,3,bundil,
813,10,3,BeyondSushi,
814,10,3,CupBoardPro,
815,10,4,Manscaped,
816,10,4,boomboom,
817,10,4,CaveShake,
818,10,4,ButterCloth,
819,10,5,HandbagRaincoat,
820,10,5,Rewardstock,
821,10,5,Wisp,
822,10,5,TheKombuchaShop,
823,10,6,Lockstraps,
824,10,6,VadeNutrition,
825,10,6,Nui,
826,10,6,Bottlekeeper,
827,10,7,Prank-O,
828,10,7,Ski-Z,
829,10,7,Oatmeals,
830,10,7,HireSanta,
831,10,8,PopItPal,
832,10,8,Yumble,
833,10,8,BollyX,
834,10,8,Mother/Poppi,
835,10,9,MokiDoorstep,
836,10,9,SproingFitness,
837,10,9,Bruw,
838,10,9,TushBaby,
839,10,10,AdventureHunt,
840,10,10,Uniform,
841,10,10,Pristine,
842,10,10,Aquapaw,
843,10,11,SonnetJames,
844,10,11,KittyKasas,
845,10,11,MakeupJunkieBags,
846,10,11,AngelShaveClub,
847,10,12,ObviousWines,
848,10,12,ZuGoPet,
849,10,12,MontiKids,
850,10,12,TwistItUpCombs,
851,10,13,FreshBellies,
852,10,13,SubSafe,
853,10,13,Zorpads,
854,10,13,LifeLiftSystems,
855,10,14,CulrMix,
856,10,14,Zookies,
857,10,14,GOGA,
858,10,14,ShowerToga,
859,10,15,ToyBox,
860,10,15,MoinkMeat,
861,10,15,Goalsetter,
862,10,15,JollyRoger,
863,10,16,UrbanFloat,
864,10,16,KudoBanz,
865,10,16,PoochSelfie,
866,10,16,WildEarth,
867,10,17,SilkRoll,
868,10,17,PressWaffleCo.,
869,10,17,PickupPools,
870,10,17,Dare-U-GoBib,
871,10,18,NuchasEmpanada,
872,10,18,CertifiKID,
873,10,18,KangaKoozie,
874,10,18,HAVENLock,
875,10,19,Pricetitution,
876,10,19,LumaSoda,
877,10,19,Hydroviv,
878,10,19,Flip-It,
879,10,20,Maven'sCreamery,
880,10,20,Sapre,
881,10,20,Swoveralls,
882,10,20,Somnifix,
883,10,21,TheBestPocketSqaureHolder,
884,10,21,Basepaws,
885,10,21,TheBangShack,
886,10,21,Kymera,
887,10,22,DeskView,
888,10,22,Saucemoto,
889,10,22,DoughP,
890,10,22,Cubicall,
891,10,23,FatShack,
892,10,23,Quickflip,
893,10,23,BatBnB,
894,10,23,CoyoteVest,
895,11,1,Blueland,
896,11,1,TaDah!Foods,
897,11,1,Minuscal,
898,11,1,BabyToon,
899,11,2,BoostOxygen,
900,11,2,AtlasMonroe,
901,11,2,CircadianOptics,
902,11,2,FaceYogaWithKoko,
903,11,3,Eterneva,
904,11,3,Aira,
905,11,3,Baobab,
906,11,3,SquidSocks,
907,11,4,Snacklins,
908,11,4,BugBiteThing,
909,11,4,PlopStar,
910,11,4,KnifeAid,
911,11,5,Golfkicks,
912,11,5,Myostorm,
913,11,5,TailgateNGo,
914,11,5,NerditNow,
915,11,6,EZCPak,
916,11,6,PiliHunters,
917,11,6,Supply,
918,11,6,TheMeasuringShovel,
919,11,7,TheYardMilkshakeBar,
920,11,7,Baubles+Soles,
921,11,7,PeanutButterPump,
922,11,7,DogThreads,
923,11,8,Gallant,
924,11,8,Outer,
925,11,8,Mrs.Goldfarb'sUnrealDeli,
926,11,8,Terra-CoreFitness,
927,11,9,KitLender,
928,11,9,Beardaments,
929,11,9,EasyTreezy,
930,11,9,LittleElfGiftWrapCutter,
931,11,10,Flexscreen,
932,11,10,FortressClothing,
933,11,10,SlumberPod,
934,11,10,ZUUM,
935,11,11,Krey�lEssence,
936,11,11,LoveSync,
937,11,11,WisePocketProducts,
938,11,11,WannaDate?,
939,11,12,Ka-Pop!,
940,11,12,GeniusJuice,
941,11,12,"Ready,Set,Food!",
942,11,12,RapidRope,
943,11,13,Fur,
944,11,13,BalaBangles,
945,11,13,Pips&Bounce,
946,11,13,ShakeitPup,
947,11,14,BabyQuip,
948,11,14,BiteToothpasteBits,
949,11,14,PairEyewear,
950,11,14,CoconutGirl,
951,11,15,Swimply,
952,11,15,KidsLuv,
953,11,15,Bertello,
954,11,15,TheSpaceTraveler,
955,11,16,Bohana,
956,11,16,BohoCamperVans,
957,11,16,Grouphug,
958,11,16,SafetyNailer,
959,11,17,Goumi,
960,11,17,PastabyHudson,
961,11,17,CritterPricker,
962,11,17,TheFrozenFarmer,
963,11,18,BadBirdie,
964,11,18,Beddley,
965,11,18,Muvez,
966,11,18,PrepWellAcademy,
967,11,19,JustTheCheese,
968,11,19,Neuro,
969,11,19,FirstSaturdayLime,
970,11,19,SeriouslySlime,
971,11,20,LittleBurros,
972,11,20,Jiggaerobics,
973,11,20,FriedGreenTomatoes,
974,11,20,MuralPainter,
975,11,21,Proven,
976,11,21,Tanoshi,
977,11,21,UnbuckleMe,
978,11,21,VanRobotics,
979,11,22,LordVonSchmitt,
980,11,22,PottySafe,
981,11,22,ToughTie,
982,11,22,DadWare,
983,11,23,Salted,
984,11,23,MCSquares,
985,11,23,SlateChocolateMilk,
986,11,23,RescueReady,
987,11,24,YellowLeafHammocks,
988,11,24,DreamlandBaby,
989,11,24,RollinGreens,
990,11,24,TheMadOptimist,
991,12,1,TouchUpCup,
992,12,1,SparkCharge,
993,12,1,GarmaGuard,
994,12,1,Rumpl,
995,12,2,BootayBag,
996,12,2,GoOats,
997,12,2,PoochPaper,
998,12,2,PNuffCrunch,
999,12,3,HugSleep,
1000,12,3,AnimatedLure,
1001,12,3,TheCerealKillerzKitchen,
1002,12,3,Chirp,
1003,12,4,JadaSpices,
1004,12,4,SurpriseCake,
1005,12,4,TheMightyCarver,
1006,12,4,Flipstik,
1007,12,5,Fitfighter,
1008,12,5,LiftidNeurostimulation,
1009,12,5,FoamPartyHats,
1010,12,5,BeeD'Vine,
1011,13,1,KinApparel,
1012,13,1,UprisingBread,
1013,13,1,Lion Latch,
1014,13,1,Pashko,
1015,13,2,Songlorious,
1016,13,2,MuteMe,
1017,13,2,ProperGood,
1018,13,2,LongWharf,
1019,13,3,Sparketh,
1020,13,3,OatHaus,
1021,13,3,FlaskyFlowers,
1022,13,3,IncredibleEats,
1023,13,4,Magic5,
1024,13,4,Tabby,
1025,13,4,SoaPen,
1026,13,4,54 Thrones,
1027,13,5,Wedfuly,
1028,13,5,Wad-Free,
1029,13,5,Beulr,
1030,13,5,Spergo,
1031,14,1,KENT,
1032,14,1,Oogiebear,
1033,14,1,Pizza Pack,
1034,14,2,BananaPhone,
1035,14,2,Stealth Bros,
1036,14,2,TheWoobles,
1037,14,2,TurboTrusser,
